<DATE>	<OPEN>	<HIGH>	<LOW>	<CLOSE>	<TICKVOL>	<VOL>	<SPREAD>
2020.01.02	1517.97	1531.39	1517.23	1528.81	117851	0	2
2020.01.03	1528.55	1553.57	1527.98	1551.64	176596	0	2
2020.01.06	1558.55	1588.00	1558.55	1565.78	179576	0	2
2020.01.07	1564.34	1577.33	1555.34	1573.41	159834	0	2
2020.01.08	1574.22	1611.39	1552.26	1555.94	251360	0	2
2020.01.09	1556.23	1561.34	1540.27	1552.18	149197	0	2
2020.01.10	1552.60	1563.18	1545.75	1562.30	120234	0	2
2020.01.13	1559.33	1561.49	1546.58	1547.96	97553	0	2
2020.01.14	1548.46	1548.89	1535.95	1546.23	128466	0	2
2020.01.15	1546.48	1558.19	1546.40	1556.30	115911	0	2
2020.01.16	1555.72	1558.11	1548.04	1552.42	93331	0	2
2020.01.17	1552.22	1561.28	1549.42	1557.12	90747	0	2
2020.01.20	1557.23	1562.76	1556.37	1560.70	43676	0	2
2020.01.21	1560.88	1568.63	1546.38	1558.17	124213	0	2
2020.01.22	1558.80	1559.28	1550.20	1558.79	89702	0	2
2020.01.23	1558.79	1567.97	1551.94	1562.79	124750	0	2
2020.01.24	1562.49	1575.83	1556.56	1571.43	115510	0	2
2020.01.27	1581.21	1588.51	1575.90	1581.86	161267	0	2
2020.01.28	1581.58	1583.07	1565.57	1567.88	126826	0	2
2020.01.29	1566.89	1578.04	1563.40	1576.76	111628	0	2
2020.01.30	1576.86	1585.99	1572.30	1573.89	163993	0	2
2020.01.31	1574.18	1590.44	1570.98	1589.17	161457	0	2
2020.02.03	1593.12	1593.63	1569.70	1576.67	156669	0	2
2020.02.04	1576.76	1579.68	1549.08	1552.70	132568	0	2
2020.02.05	1552.59	1562.42	1547.51	1556.61	153561	0	2
2020.02.06	1555.94	1568.28	1552.54	1566.61	128650	0	2
2020.02.07	1566.63	1574.05	1561.17	1570.25	138887	0	2
2020.02.10	1572.04	1577.03	1568.00	1572.06	127691	0	2
2020.02.11	1572.12	1574.05	1562.16	1567.79	105892	0	2
2020.02.12	1567.69	1570.48	1561.81	1565.80	97142	0	2
2020.02.13	1565.95	1578.28	1565.59	1575.94	138706	0	2
2020.02.14	1575.91	1584.99	1573.08	1583.98	106350	0	2
2020.02.17	1581.52	1583.79	1578.90	1581.15	44813	0	2
2020.02.18	1580.32	1605.13	1580.32	1601.41	127001	0	2
2020.02.19	1601.44	1612.95	1599.53	1611.60	124863	0	2
2020.02.20	1611.64	1623.75	1603.92	1619.25	186464	0	2
2020.02.21	1619.56	1649.27	1618.98	1643.32	200536	0	2
2020.02.24	1653.32	1689.35	1650.90	1658.63	274083	0	0
2020.02.25	1659.19	1663.90	1625.17	1635.19	304180	0	2
2020.02.26	1634.58	1655.02	1624.89	1640.60	262063	0	2
2020.02.27	1640.69	1660.37	1635.27	1643.92	283675	0	2
2020.02.28	1644.49	1649.50	1562.89	1585.67	300076	0	2
2020.03.02	1591.59	1611.04	1575.41	1589.58	307233	0	2
2020.03.03	1589.51	1649.28	1584.83	1640.88	240303	0	2
2020.03.04	1639.88	1652.60	1631.89	1636.49	206097	0	2
2020.03.05	1636.77	1674.62	1634.97	1672.48	218222	0	2
2020.03.06	1671.97	1692.16	1642.41	1674.25	294028	0	2
2020.03.09	1691.80	1703.29	1657.35	1678.95	227220	0	2
2020.03.10	1680.13	1680.35	1641.77	1649.18	257509	0	2
2020.03.11	1649.26	1671.25	1633.02	1635.91	205315	0	2
2020.03.12	1634.10	1650.37	1560.76	1578.14	233939	0	2
2020.03.13	1576.51	1597.96	1504.52	1528.79	228985	0	2
2020.03.16	1563.80	1575.33	1451.22	1510.21	262326	0	2
2020.03.17	1514.08	1554.02	1465.49	1528.56	241333	0	2
2020.03.18	1527.41	1546.30	1472.88	1485.28	217946	0	2
2020.03.19	1486.42	1500.74	1464.08	1472.22	198564	0	2
2020.03.20	1471.85	1515.97	1454.94	1496.77	185873	0	2
2020.03.23	1502.50	1561.19	1482.35	1552.59	212532	0	2
2020.03.24	1553.68	1632.64	1552.45	1626.73	95895	0	2
2020.03.25	1628.64	1639.34	1592.62	1616.70	72740	0	2
2020.03.26	1616.70	1644.02	1500.59	1628.98	69332	0	2
2020.03.27	1631.14	1635.27	1613.78	1621.61	76913	0	2
2020.03.30	1628.16	1632.98	1610.40	1620.27	72790	0	2
2020.03.31	1622.32	1623.41	1574.32	1576.22	93992	0	2
2020.04.01	1575.06	1600.39	1567.84	1591.02	95117	0	2
2020.04.02	1589.06	1619.82	1582.84	1611.64	111159	0	2
2020.04.03	1613.24	1625.30	1605.87	1615.72	89711	0	2
2020.04.06	1615.04	1668.62	1608.77	1657.68	95795	0	2
2020.04.07	1660.98	1674.02	1642.29	1648.12	98667	0	0
2020.04.08	1647.69	1656.48	1640.45	1645.81	77773	0	2
2020.04.09	1644.86	1690.27	1642.83	1683.04	115624	0	0
2020.04.13	1685.54	1722.59	1671.74	1713.29	97231	0	2
2020.04.14	1714.22	1747.81	1708.69	1726.96	141612	0	2
2020.04.15	1726.48	1731.20	1707.52	1716.59	120721	0	2
2020.04.16	1716.30	1738.76	1707.65	1718.77	136645	0	2
2020.04.17	1719.40	1719.40	1679.49	1681.46	142664	0	2
2020.04.20	1678.93	1702.47	1671.49	1694.77	134563	0	2
2020.04.21	1694.70	1697.82	1659.45	1683.43	131108	0	2
2020.04.22	1687.59	1718.63	1680.28	1714.65	147216	0	2
2020.04.23	1713.66	1738.68	1706.93	1730.39	150365	0	2
2020.04.24	1730.24	1736.29	1710.35	1726.58	130637	0	2
2020.04.27	1726.08	1727.27	1706.07	1715.13	140781	0	2
2020.04.28	1713.73	1716.53	1691.74	1708.52	162296	0	2
2020.04.29	1707.89	1717.30	1697.85	1712.81	138073	0	2
2020.04.30	1712.62	1721.76	1681.41	1687.00	147185	0	2
2020.05.01	1686.77	1705.47	1670.32	1699.20	200922	0	2
2020.05.04	1697.67	1713.49	1691.60	1701.44	105465	0	2
2020.05.05	1700.82	1711.67	1689.92	1705.55	104363	0	2
2020.05.06	1705.44	1708.14	1682.05	1685.52	105094	0	2
2020.05.07	1685.19	1722.01	1681.47	1716.19	115361	0	2
2020.05.08	1715.98	1723.35	1701.00	1701.50	121511	0	2
2020.05.11	1701.09	1712.15	1691.99	1697.49	117357	0	2
2020.05.12	1697.53	1711.01	1693.75	1701.95	121444	0	2
2020.05.13	1701.98	1718.02	1699.09	1715.87	149596	0	2
2020.05.14	1716.02	1736.47	1710.87	1730.12	129664	0	2
2020.05.15	1729.35	1751.63	1728.51	1742.73	145756	0	2
2020.05.18	1744.29	1765.31	1727.38	1732.25	149754	0	2
2020.05.19	1732.91	1747.86	1725.74	1744.61	146201	0	2
2020.05.20	1744.64	1753.87	1742.42	1747.78	138564	0	2
2020.05.21	1748.16	1748.81	1717.12	1727.03	139819	0	2
2020.05.22	1725.70	1740.17	1724.36	1735.41	109585	0	2
2020.05.25	1731.74	1734.85	1721.39	1727.65	55368	0	2
2020.05.26	1727.16	1735.50	1708.70	1709.68	116005	0	2
2020.05.27	1710.65	1716.02	1693.70	1709.22	116481	0	2
2020.05.28	1710.46	1727.52	1704.36	1718.86	120543	0	2
2020.05.29	1718.05	1737.72	1712.67	1729.81	113716	0	2
2020.06.01	1735.05	1744.60	1727.15	1739.79	116644	0	2
2020.06.02	1739.44	1745.17	1721.33	1727.44	113388	0	2
2020.06.03	1726.05	1731.80	1689.42	1698.46	143797	0	2
2020.06.04	1698.99	1721.86	1696.71	1713.35	129435	0	2
2020.06.05	1712.71	1716.24	1670.72	1684.27	150064	0	2
2020.06.08	1682.73	1700.68	1677.37	1698.20	130460	0	2
2020.06.09	1697.99	1720.85	1692.26	1714.27	146647	0	2
2020.06.10	1714.65	1739.76	1707.89	1738.19	136194	0	2
2020.06.11	1738.57	1744.67	1721.57	1726.96	154840	0	2
2020.06.12	1727.18	1743.04	1722.23	1729.83	138933	0	2
2020.06.15	1726.80	1734.49	1704.22	1724.70	153968	0	0
2020.06.16	1724.79	1732.81	1716.77	1727.44	148123	0	2
2020.06.17	1726.37	1730.32	1712.65	1726.54	114071	0	2
2020.06.18	1726.69	1737.50	1717.54	1722.12	121495	0	2
2020.06.19	1722.67	1745.19	1720.97	1743.08	114727	0	2
2020.06.22	1753.02	1763.07	1742.78	1754.70	141857	0	2
2020.06.23	1753.74	1770.99	1747.37	1766.97	133511	0	2
2020.06.24	1767.63	1779.22	1760.62	1761.40	149428	0	2
2020.06.25	1760.31	1768.86	1753.34	1764.05	127603	0	2
2020.06.26	1763.29	1771.84	1747.43	1770.38	123643	0	2
2020.06.29	1775.42	1775.42	1765.57	1772.94	111362	0	2
2020.06.30	1772.32	1786.12	1764.67	1780.44	100995	0	2
2020.07.01	1780.44	1789.08	1759.07	1770.12	125608	0	2
2020.07.02	1769.86	1779.50	1757.44	1775.32	102340	0	2
2020.07.03	1774.25	1777.11	1772.58	1773.64	40750	0	2
2020.07.06	1773.42	1786.99	1770.00	1784.20	92315	0	2
2020.07.07	1784.37	1797.37	1773.52	1794.74	102938	0	2
2020.07.08	1795.32	1817.97	1791.48	1808.61	103136	0	2
2020.07.09	1808.87	1815.95	1795.48	1802.86	113513	0	2
2020.07.10	1803.27	1810.56	1794.07	1798.51	97254	0	2
2020.07.13	1795.97	1813.31	1795.97	1802.49	111207	0	2
2020.07.14	1802.08	1810.86	1790.60	1809.31	121904	0	2
2020.07.15	1809.19	1815.06	1802.46	1810.25	97112	0	2
2020.07.16	1810.23	1813.26	1794.92	1796.49	92377	0	2
2020.07.17	1796.86	1811.99	1795.82	1809.38	78142	0	2
2020.07.20	1808.99	1820.57	1805.71	1817.24	100165	0	2
2020.07.21	1817.42	1843.48	1815.84	1841.49	121248	0	2
2020.07.22	1841.68	1872.00	1839.61	1871.91	183459	0	2
2020.07.23	1871.52	1898.38	1863.71	1887.01	194045	0	2
2020.07.24	1887.21	1906.54	1881.37	1901.48	146134	0	2
2020.07.27	1901.38	1945.64	1899.57	1941.54	208163	0	2
2020.07.28	1941.30	1981.14	1906.62	1960.85	221075	0	2
2020.07.29	1958.86	1980.91	1941.45	1970.38	150216	0	2
2020.07.30	1970.27	1971.58	1939.52	1957.00	165915	0	2
2020.07.31	1956.12	1983.07	1954.75	1975.24	174507	0	2
2020.08.03	1978.48	1987.68	1960.49	1976.76	136452	0	2
2020.08.04	1976.35	2019.95	1967.41	2018.53	141576	0	2
2020.08.05	2019.23	2055.58	2009.51	2038.14	189408	0	2
2020.08.06	2037.56	2069.67	2034.52	2063.14	170393	0	2
2020.08.07	2062.54	2075.24	2015.49	2035.12	208787	0	2
2020.08.10	2033.77	2049.91	2018.99	2027.82	157675	0	2
2020.08.11	2027.37	2030.01	1901.32	1911.83	241007	0	2
2020.08.12	1911.17	1949.30	1862.60	1916.36	234768	0	2
2020.08.13	1916.43	1966.30	1912.81	1953.24	194380	0	2
2020.08.14	1953.39	1962.19	1932.17	1943.98	166398	0	2
2020.08.17	1946.27	1990.69	1929.39	1984.25	160205	0	2
2020.08.18	1985.00	2015.70	1976.01	2001.80	179025	0	2
2020.08.19	2001.70	2006.45	1924.69	1928.40	206427	0	2
2020.08.20	1928.92	1955.23	1924.77	1945.62	201180	0	2
2020.08.21	1946.70	1955.88	1911.47	1940.27	178031	0	2
2020.08.24	1940.19	1961.77	1923.71	1928.72	152305	0	2
2020.08.25	1928.62	1937.51	1914.27	1928.09	150520	0	2
2020.08.26	1927.78	1954.84	1902.78	1953.47	153453	0	2
2020.08.27	1953.93	1976.71	1909.93	1929.03	177902	0	2
2020.08.28	1929.19	1973.83	1923.14	1963.99	170234	0	2
2020.08.31	1965.47	1976.64	1954.24	1967.63	144630	0	2
2020.09.01	1967.06	1992.41	1963.12	1970.88	159813	0	2
2020.09.02	1970.24	1973.25	1932.60	1943.51	162657	0	2
2020.09.03	1942.91	1951.03	1921.71	1930.70	165919	0	2
2020.09.04	1930.05	1947.67	1916.36	1933.06	162869	0	2
2020.09.07	1929.84	1941.32	1924.30	1928.21	76998	0	2
2020.09.08	1928.20	1940.89	1906.41	1931.40	155819	0	2
2020.09.09	1931.47	1950.86	1920.04	1946.97	121177	0	2
2020.09.10	1946.57	1966.60	1941.39	1946.11	142465	0	2
2020.09.11	1945.88	1954.76	1937.19	1940.20	127184	0	2
2020.09.14	1940.43	1962.75	1936.52	1956.46	106713	0	2
2020.09.15	1956.74	1972.17	1948.36	1953.66	120774	0	2
2020.09.16	1952.82	1973.58	1949.85	1959.86	136892	0	2
2020.09.17	1958.94	1960.95	1932.84	1944.29	150236	0	2
2020.09.18	1944.09	1960.06	1943.64	1950.04	116783	0	2
2020.09.21	1949.45	1955.58	1882.19	1912.40	173324	0	2
2020.09.22	1912.36	1920.03	1894.57	1900.39	169771	0	2
2020.09.23	1900.03	1905.31	1855.78	1863.40	199325	0	2
2020.09.24	1863.22	1877.08	1848.73	1868.41	195993	0	2
2020.09.25	1868.06	1875.17	1852.41	1860.28	160624	0	2
2020.09.28	1857.97	1883.05	1848.41	1881.78	146785	0	2
2020.09.29	1880.94	1899.16	1875.44	1897.02	136724	0	2
2020.09.30	1898.00	1902.26	1881.36	1885.55	152269	0	2
2020.10.01	1885.26	1911.97	1884.69	1904.96	155252	0	2
2020.10.02	1905.15	1917.07	1889.76	1899.24	137276	0	2
2020.10.05	1904.97	1918.81	1887.01	1913.35	113052	0	2
2020.10.06	1912.67	1921.02	1874.61	1875.00	129721	0	2
2020.10.07	1878.44	1898.05	1872.86	1887.93	145973	0	2
2020.10.08	1886.93	1900.68	1881.92	1893.53	130497	0	2
2020.10.09	1893.54	1930.44	1893.54	1930.16	142558	0	2
2020.10.12	1928.75	1933.19	1918.35	1922.48	149574	0	2
2020.10.13	1922.70	1925.44	1886.51	1891.28	175638	0	2
2020.10.14	1891.69	1912.94	1882.50	1900.90	156894	0	2
2020.10.15	1901.65	1908.95	1889.60	1908.02	171397	0	2
2020.10.16	1908.39	1913.94	1897.80	1898.62	140832	0	2
2020.10.19	1899.67	1918.48	1897.00	1903.79	148743	0	2
2020.10.20	1903.35	1914.10	1894.60	1907.45	138592	0	2
2020.10.21	1907.72	1931.38	1907.72	1924.42	142691	0	2
2020.10.22	1923.87	1926.00	1894.62	1903.83	135278	0	2
2020.10.23	1903.84	1914.20	1894.28	1901.67	105805	0	2
2020.10.26	1902.64	1908.62	1891.24	1902.20	127341	0	2
2020.10.27	1901.77	1911.36	1897.81	1907.58	102085	0	2
2020.10.28	1907.90	1910.88	1869.25	1877.37	148981	0	2
2020.10.29	1876.72	1884.97	1859.94	1867.73	149156	0	2
2020.10.30	1867.13	1889.81	1864.38	1878.38	157406	0	2
2020.11.02	1877.02	1896.04	1873.44	1895.68	136726	0	2
2020.11.03	1895.29	1910.57	1886.95	1909.57	115162	0	2
2020.11.04	1908.85	1916.43	1883.03	1903.00	198051	0	2
2020.11.05	1903.05	1952.76	1902.20	1949.46	171281	0	2
2020.11.06	1948.39	1960.36	1935.61	1951.23	155790	0	2
2020.11.09	1954.98	1965.51	1850.53	1862.13	208448	0	2
2020.11.10	1863.71	1890.39	1860.31	1877.24	172466	0	2
2020.11.11	1876.93	1884.47	1856.45	1865.25	127586	0	2
2020.11.12	1865.52	1883.87	1862.69	1876.85	130016	0	2
2020.11.13	1877.01	1896.82	1874.03	1889.44	112802	0	2
2020.11.16	1888.53	1899.06	1864.50	1888.83	141446	0	2
2020.11.17	1888.97	1893.44	1876.85	1880.21	117710	0	2
2020.11.18	1880.45	1884.84	1863.76	1872.31	113706	0	2
2020.11.19	1872.60	1874.08	1852.72	1866.02	112659	0	2
2020.11.20	1865.55	1879.73	1860.86	1870.91	91539	0	2
2020.11.23	1868.92	1876.12	1830.97	1837.83	113942	0	2
2020.11.24	1838.52	1839.00	1800.21	1807.37	153175	0	2
2020.11.25	1807.98	1817.73	1801.62	1807.74	103059	0	2
2020.11.26	1808.31	1818.24	1805.78	1810.26	60395	0	2
2020.11.27	1811.31	1813.83	1774.33	1786.71	100101	0	2
2020.11.30	1789.41	1789.89	1764.23	1776.72	135859	0	2
2020.12.01	1777.90	1817.30	1775.74	1815.04	109817	0	0
2020.12.02	1813.52	1832.41	1807.46	1830.51	104747	0	0
2020.12.03	1830.51	1843.95	1823.76	1840.92	109062	0	0
2020.12.04	1841.15	1848.23	1829.16	1838.84	90481	0	0
2020.12.07	1837.42	1868.54	1822.07	1862.19	105126	0	0
2020.12.08	1862.70	1875.29	1860.23	1870.24	101252	0	0
2020.12.09	1869.92	1870.52	1825.41	1839.87	146956	0	0
2020.12.10	1838.70	1850.01	1828.65	1836.64	141811	0	0
2020.12.11	1836.55	1847.71	1824.01	1839.55	126752	0	0
2020.12.14	1836.17	1839.03	1819.51	1827.00	116790	0	0
2020.12.15	1827.24	1855.39	1825.50	1853.27	121215	0	0
2020.12.16	1853.23	1865.76	1844.74	1864.55	147356	0	0
2020.12.17	1862.87	1896.21	1862.00	1885.42	144777	0	0
2020.12.18	1884.55	1889.65	1877.42	1880.89	122008	0	0
2020.12.21	1882.89	1906.74	1855.04	1876.48	191934	0	0
2020.12.22	1878.14	1884.28	1858.93	1859.92	159836	0	0
2020.12.23	1860.32	1878.51	1857.02	1873.15	140793	0	0
2020.12.24	1873.59	1883.15	1869.53	1879.51	82563	0	0
2020.12.28	1882.99	1900.24	1869.17	1873.46	127216	0	0
2020.12.29	1872.24	1886.38	1871.52	1878.27	103883	0	0
2020.12.30	1877.98	1894.51	1876.07	1894.47	95819	0	0
2020.12.31	1893.68	1900.41	1885.30	1893.70	95624	0	0
2021.01.04	1908.61	1944.44	1907.20	1942.85	160942	0	0
2021.01.05	1941.80	1953.03	1934.33	1950.00	145506	0	0
2021.01.06	1950.44	1959.35	1900.80	1918.80	201654	0	0
2021.01.07	1919.94	1927.67	1906.82	1913.57	152077	0	0
2021.01.08	1915.21	1917.51	1828.20	1849.02	218797	0	0
2021.01.11	1851.61	1856.58	1816.86	1843.37	180538	0	0
2021.01.12	1845.06	1863.80	1836.63	1854.61	155350	0	0
2021.01.13	1854.98	1863.04	1841.87	1844.95	127925	0	0
2021.01.14	1846.80	1857.53	1829.45	1846.07	157000	0	0
2021.01.15	1847.22	1857.02	1823.27	1827.42	170064	0	0
2021.01.18	1828.66	1840.79	1803.58	1837.58	112601	0	0
2021.01.19	1838.88	1845.50	1832.99	1840.02	134537	0	0
2021.01.20	1840.18	1871.73	1832.45	1871.40	151351	0	0
2021.01.21	1871.70	1875.13	1858.34	1869.61	148073	0	0
2021.01.22	1870.14	1870.82	1837.31	1856.11	162679	0	0
2021.01.25	1856.38	1867.88	1847.12	1855.93	167249	0	0
2021.01.26	1855.33	1861.71	1848.38	1850.67	129677	0	0
2021.01.27	1850.72	1853.13	1831.37	1844.10	159961	0	0
2021.01.28	1844.48	1864.05	1834.01	1842.54	197089	0	0
2021.01.29	1843.20	1875.66	1839.58	1848.69	226668	0	0
2021.02.01	1859.64	1871.82	1849.13	1860.58	254532	0	0
2021.02.02	1859.87	1864.08	1829.54	1837.97	202224	0	0
2021.02.03	1837.59	1844.98	1829.75	1834.08	146942	0	0
2021.02.04	1834.03	1834.74	1785.03	1793.95	181539	0	0
2021.02.05	1795.94	1815.17	1792.01	1813.68	147735	0	0
2021.02.08	1815.62	1839.13	1807.75	1830.53	151125	0	0
2021.02.09	1830.40	1848.59	1828.86	1838.44	142624	0	0
2021.02.10	1838.61	1855.39	1834.06	1843.27	148935	0	0
2021.02.11	1843.04	1847.55	1821.18	1825.54	127173	0	0
2021.02.12	1826.24	1830.70	1810.53	1824.50	134636	0	0
2021.02.15	1825.87	1827.02	1816.06	1818.81	80495	0	0
2021.02.16	1818.32	1826.45	1789.45	1794.36	179703	0	0
2021.02.17	1793.88	1795.16	1769.54	1776.16	198615	0	0
2021.02.18	1776.07	1789.66	1768.39	1775.73	194148	0	0
2021.02.19	1776.96	1791.63	1760.64	1783.36	201788	0	0
2021.02.22	1784.18	1812.66	1780.66	1809.69	208741	0	0
2021.02.23	1810.40	1815.99	1795.59	1805.53	188679	0	0
2021.02.24	1806.15	1813.85	1783.62	1804.80	207745	0	0
2021.02.25	1803.98	1804.30	1765.48	1769.94	279834	0	0
2021.02.26	1770.49	1775.78	1717.22	1734.28	298034	0	0
2021.03.01	1735.92	1759.83	1719.71	1724.60	223671	0	0
2021.03.02	1723.74	1739.14	1707.21	1738.14	212292	0	0
2021.03.03	1738.31	1740.55	1701.93	1710.78	204098	0	0
2021.03.04	1711.90	1723.23	1690.59	1697.78	248033	0	0
2021.03.05	1697.93	1707.71	1687.28	1700.35	229664	0	0
2021.03.08	1705.95	1714.30	1676.81	1683.33	231529	0	0
2021.03.09	1683.68	1720.66	1680.11	1715.73	198642	0	0
2021.03.10	1715.55	1726.78	1708.19	1726.64	181242	0	0
2021.03.11	1726.38	1739.86	1719.26	1722.59	173606	0	0
2021.03.12	1722.03	1729.26	1699.22	1728.03	186734	0	0
2021.03.15	1729.75	1734.57	1721.68	1731.74	155397	0	0
2021.03.16	1731.75	1741.22	1726.15	1731.57	149880	0	0
2021.03.17	1731.93	1751.63	1724.02	1745.18	164481	0	0
2021.03.18	1747.91	1755.51	1719.23	1736.44	201043	0	0
2021.03.19	1735.16	1746.72	1728.40	1745.36	167249	0	0
2021.03.22	1743.95	1744.41	1727.35	1738.90	156474	0	0
2021.03.23	1739.58	1742.56	1724.69	1726.96	154220	0	0
2021.03.24	1727.11	1738.52	1724.01	1734.14	136086	0	0
2021.03.25	1734.42	1745.50	1721.77	1726.53	159520	0	0
2021.03.26	1727.37	1736.75	1721.55	1732.47	131048	0	0
2021.03.29	1732.55	1732.89	1705.75	1711.92	132439	0	0
2021.03.30	1712.67	1714.43	1678.77	1684.85	166409	0	0
2021.03.31	1684.90	1715.31	1677.89	1707.39	155437	0	0
2021.04.01	1707.04	1730.50	1705.76	1729.77	141929	0	0
2021.04.05	1727.63	1733.56	1721.31	1728.27	103916	0	0
2021.04.06	1728.26	1745.50	1727.17	1743.36	127347	0	0
2021.04.07	1742.81	1744.34	1730.62	1737.61	121027	0	0
2021.04.08	1738.24	1758.70	1733.15	1755.48	121164	0	0
2021.04.09	1755.54	1757.35	1731.23	1743.86	128090	0	0
2021.04.12	1743.59	1745.08	1727.39	1732.81	122443	0	0
2021.04.13	1733.06	1748.95	1723.73	1745.39	135841	0	0
2021.04.14	1746.05	1749.38	1732.61	1736.34	120945	0	0
2021.04.15	1736.58	1769.68	1734.35	1763.63	129558	0	0
2021.04.16	1763.73	1783.87	1759.81	1776.93	132650	0	0
2021.04.19	1776.91	1790.06	1766.75	1771.38	117575	0	0
2021.04.20	1771.06	1780.47	1763.65	1778.75	106895	0	0
2021.04.21	1778.07	1797.68	1776.24	1793.69	92010	0	0
2021.04.22	1794.08	1797.87	1777.41	1784.10	97309	0	0
2021.04.23	1783.85	1796.03	1769.99	1776.56	92021	0	0
2021.04.26	1775.40	1783.54	1768.72	1781.33	88715	0	0
2021.04.27	1781.19	1785.56	1773.72	1776.57	85451	0	0
2021.04.28	1776.69	1782.59	1762.60	1781.73	96119	0	0
2021.04.29	1781.56	1789.97	1756.09	1771.96	92246	0	0
2021.04.30	1772.42	1773.63	1764.25	1768.88	88874	0	0
2021.05.03	1766.81	1797.92	1766.04	1793.00	81766	0	0
2021.05.04	1792.20	1799.11	1770.89	1778.71	98111	0	0
2021.05.05	1778.19	1788.00	1770.36	1786.91	77871	0	0
2021.05.06	1787.09	1818.11	1781.98	1814.91	95442	0	0
2021.05.07	1814.64	1843.36	1812.84	1831.38	104223	0	0
2021.05.10	1833.15	1845.54	1830.02	1835.70	104756	0	0
2021.05.11	1836.02	1841.86	1818.07	1837.42	113645	0	0
2021.05.12	1836.96	1843.64	1813.25	1815.42	122164	0	0
2021.05.13	1815.35	1828.77	1808.78	1826.46	112202	0	0
2021.05.14	1826.41	1845.74	1819.77	1843.34	92821	0	0
2021.05.17	1842.58	1868.49	1842.10	1866.80	95491	0	0
2021.05.18	1866.19	1875.03	1863.26	1869.52	90427	0	0
2021.05.19	1869.02	1890.04	1852.21	1869.35	120640	0	0
2021.05.20	1870.38	1883.84	1863.83	1877.05	105877	0	0
2021.05.21	1877.23	1889.41	1870.09	1881.34	99111	0	0
2021.05.24	1881.34	1887.03	1875.25	1880.83	86178	0	0
2021.05.25	1880.91	1900.28	1872.74	1899.15	93162	0	0
2021.05.26	1898.61	1912.75	1890.69	1896.64	98817	0	0
2021.05.27	1896.47	1903.65	1888.29	1896.54	95402	0	0
2021.05.28	1896.96	1905.90	1882.32	1903.83	96276	0	0
2021.05.31	1903.81	1910.64	1902.07	1906.64	55235	0	0
2021.06.01	1907.39	1916.59	1892.38	1900.37	93711	0	0
2021.06.02	1900.14	1909.01	1894.40	1908.29	81307	0	0
2021.06.03	1908.25	1909.63	1865.32	1870.50	97625	0	0
2021.06.04	1871.47	1896.19	1855.83	1891.50	89897	0	0
2021.06.07	1890.52	1900.13	1881.56	1899.00	77830	0	0
2021.06.08	1899.28	1903.64	1883.77	1892.86	76291	0	0
2021.06.09	1892.05	1898.92	1887.35	1888.60	73509	0	0
2021.06.10	1888.87	1899.88	1869.87	1898.44	84383	0	0
2021.06.11	1898.09	1903.04	1874.51	1876.19	86761	0	0
2021.06.14	1876.60	1877.66	1844.76	1866.09	87527	0	0
2021.06.15	1866.32	1869.16	1851.65	1858.75	76537	0	0
2021.06.16	1859.33	1863.03	1803.47	1811.95	87390	0	0
2021.06.17	1812.73	1825.30	1767.19	1773.15	138634	0	0
2021.06.18	1774.99	1797.13	1760.87	1764.20	122964	0	0
2021.06.21	1768.08	1786.54	1766.42	1782.97	115482	0	0
2021.06.22	1783.77	1790.10	1772.42	1778.76	96964	0	0
2021.06.23	1779.47	1794.97	1773.32	1778.86	88156	0	0
2021.06.24	1778.63	1788.06	1772.90	1774.95	84952	0	0
2021.06.25	1776.32	1790.44	1773.70	1781.26	78243	0	0
2021.06.28	1781.86	1785.84	1770.63	1778.08	84839	0	0
2021.06.29	1778.51	1778.92	1750.67	1761.12	85883	0	0
2021.06.30	1762.04	1774.37	1753.38	1770.37	83205	0	0
2021.07.01	1770.04	1782.85	1765.73	1776.73	82132	0	0
2021.07.02	1776.88	1795.08	1774.29	1787.47	77649	0	0
2021.07.05	1787.49	1794.44	1784.48	1791.76	41000	0	0
2021.07.06	1791.54	1815.00	1790.10	1797.13	89690	0	0
2021.07.07	1796.16	1809.84	1793.86	1803.66	95280	0	0
2021.07.08	1803.69	1818.34	1794.68	1802.36	115442	0	0
2021.07.09	1802.87	1812.37	1796.67	1808.28	88659	0	0
2021.07.12	1807.69	1810.82	1791.68	1806.12	84744	0	0
2021.07.13	1806.30	1817.05	1798.67	1807.60	84472	0	0
2021.07.14	1808.06	1829.75	1804.56	1827.42	94666	0	0
2021.07.15	1827.29	1834.14	1820.29	1829.50	101279	0	0
2021.07.16	1829.69	1832.06	1808.43	1811.55	87964	0	0
2021.07.19	1811.64	1817.28	1795.00	1812.76	102786	0	0
2021.07.20	1812.88	1824.94	1805.07	1810.33	92040	0	0
2021.07.21	1810.43	1813.75	1794.68	1803.41	88033	0	0
2021.07.22	1803.65	1808.08	1792.77	1806.62	82198	0	0
2021.07.23	1806.90	1810.32	1790.11	1802.04	75842	0	0
2021.07.26	1802.25	1811.49	1796.41	1797.47	82180	0	0
2021.07.27	1798.07	1805.27	1793.68	1798.92	89661	0	0
2021.07.28	1800.04	1809.79	1792.44	1806.96	86324	0	0
2021.07.29	1807.31	1832.66	1807.12	1827.97	81948	0	0
2021.07.30	1828.52	1831.34	1810.30	1814.09	76298	0	0
2021.08.02	1813.83	1819.56	1805.80	1813.48	81279	0	0
2021.08.03	1813.11	1815.03	1807.14	1810.31	73018	0	0
2021.08.04	1810.31	1831.72	1806.43	1811.88	77633	0	0
2021.08.05	1812.05	1814.88	1797.84	1804.03	69365	0	0
2021.08.06	1804.62	1804.77	1758.68	1763.44	85877	0	0
2021.08.09	1764.43	1764.52	1677.77	1729.47	119055	0	0
2021.08.10	1729.68	1738.31	1717.74	1729.10	84501	0	0
2021.08.11	1729.43	1754.42	1724.03	1751.54	92915	0	0
2021.08.12	1751.26	1758.18	1741.64	1752.64	76768	0	0
2021.08.13	1752.99	1779.93	1751.71	1779.38	71691	0	0
2021.08.16	1779.90	1789.27	1770.81	1787.11	85939	0	0
2021.08.17	1787.16	1795.52	1780.56	1785.93	81147	0	0
2021.08.18	1785.87	1793.81	1777.39	1787.45	88933	0	0
2021.08.19	1787.79	1792.40	1774.52	1779.90	98501	0	0
2021.08.20	1780.08	1788.46	1778.34	1780.96	78637	0	0
2021.08.23	1781.15	1806.44	1776.45	1805.31	77801	0	0
2021.08.24	1804.92	1809.55	1800.69	1802.97	61194	0	0
2021.08.25	1802.51	1802.85	1782.60	1790.45	77314	0	0
2021.08.26	1791.04	1798.21	1780.08	1791.92	70047	0	0
2021.08.27	1792.31	1819.28	1785.02	1818.13	73034	0	0
2021.08.30	1817.90	1823.17	1807.79	1810.26	64092	0	0
2021.08.31	1809.86	1819.21	1801.61	1813.74	80719	0	0
2021.09.01	1814.36	1820.09	1808.70	1814.18	69766	0	0
2021.09.02	1813.64	1817.15	1804.94	1809.54	55185	0	0
2021.09.03	1809.39	1834.00	1808.98	1827.52	70051	0	0
2021.09.06	1827.98	1830.29	1821.42	1823.22	38433	0	0
2021.09.07	1823.74	1827.24	1792.37	1794.27	84049	0	0
2021.09.08	1794.88	1802.17	1782.37	1789.19	82031	0	0
2021.09.09	1789.94	1800.93	1783.78	1794.20	88206	0	0
2021.09.10	1794.04	1803.87	1787.24	1787.66	76067	0	0
2021.09.13	1788.93	1798.41	1783.70	1793.48	84206	0	0
2021.09.14	1793.24	1808.65	1780.84	1804.60	84691	0	0
2021.09.15	1804.22	1806.95	1790.73	1793.63	80906	0	0
2021.09.16	1794.12	1796.19	1745.30	1753.40	106804	0	0
2021.09.17	1753.54	1767.49	1747.36	1754.08	89532	0	0
2021.09.20	1754.18	1767.00	1742.17	1764.22	80288	0	0
2021.09.21	1764.77	1781.73	1757.89	1774.30	78679	0	0
2021.09.22	1774.92	1787.20	1764.65	1768.01	97397	0	0
2021.09.23	1768.41	1776.61	1737.93	1742.41	104222	0	0
2021.09.24	1744.48	1757.66	1740.47	1750.68	83952	0	0
2021.09.27	1748.64	1760.87	1744.88	1750.13	82037	0	0
2021.09.28	1750.63	1754.48	1728.14	1733.86	99554	0	0
2021.09.29	1734.00	1745.55	1721.65	1726.50	90808	0	0
2021.09.30	1726.52	1764.21	1722.21	1757.00	90753	0	0
2021.10.01	1756.36	1764.31	1749.78	1760.52	90333	0	0
2021.10.04	1761.06	1770.57	1747.71	1769.30	89637	0	0
2021.10.05	1769.19	1769.36	1748.61	1759.93	81503	0	0
2021.10.06	1760.16	1765.12	1745.88	1762.65	96004	0	0
2021.10.07	1762.85	1766.96	1751.94	1755.09	78376	0	0
2021.10.08	1755.93	1781.36	1753.37	1756.79	89826	0	0
2021.10.11	1757.38	1761.03	1750.17	1754.19	70219	0	0
2021.10.12	1753.72	1769.39	1750.73	1760.04	79581	0	0
2021.10.13	1760.09	1796.16	1757.87	1793.00	88673	0	0
2021.10.14	1792.99	1800.59	1786.71	1796.02	65555	0	0
2021.10.15	1795.84	1796.46	1764.83	1767.63	79543	0	0
2021.10.18	1766.83	1772.08	1760.31	1764.77	93200	0	0
2021.10.19	1764.70	1785.12	1762.84	1769.45	81323	0	0
2021.10.20	1769.41	1788.43	1766.85	1781.98	83805	0	0
2021.10.21	1781.96	1789.46	1776.50	1782.88	91930	0	0
2021.10.22	1783.34	1813.84	1782.95	1792.56	90496	0	0
2021.10.25	1792.97	1810.03	1792.23	1807.66	77429	0	0
2021.10.26	1807.29	1808.37	1782.39	1792.80	81682	0	0
2021.10.27	1793.31	1799.07	1783.51	1796.93	78973	0	0
2021.10.28	1796.45	1810.41	1792.32	1798.80	87512	0	0
2021.10.29	1799.41	1801.15	1771.97	1782.96	104879	0	0
2021.11.01	1782.92	1795.81	1779.08	1793.20	80128	0	0
2021.11.02	1793.12	1796.38	1786.41	1787.95	68519	0	0
2021.11.03	1787.71	1788.30	1758.82	1769.63	96353	0	0
2021.11.04	1770.56	1798.91	1770.50	1791.57	84894	0	0
2021.11.05	1791.05	1818.28	1784.98	1817.93	94825	0	0
2021.11.08	1816.21	1826.45	1812.44	1824.27	86413	0	0
2021.11.09	1824.75	1832.73	1819.18	1831.85	85852	0	0
2021.11.10	1831.78	1868.47	1822.35	1849.25	102405	0	0
2021.11.11	1849.30	1865.98	1842.92	1861.98	83271	0	0
2021.11.12	1861.75	1868.66	1845.24	1864.69	92235	0	0
2021.11.15	1866.10	1870.53	1856.33	1862.68	82768	0	0
2021.11.16	1862.88	1877.13	1849.70	1850.40	87586	0	0
2021.11.17	1850.30	1868.03	1849.55	1867.32	76728	0	0
2021.11.18	1866.64	1870.97	1855.14	1858.93	74090	0	0
2021.11.19	1859.03	1865.74	1843.03	1845.94	89251	0	0
2021.11.22	1843.02	1849.08	1802.28	1804.78	96896	0	0
2021.11.23	1807.67	1812.37	1781.98	1789.00	100780	0	0
2021.11.24	1789.27	1796.41	1778.55	1788.49	97123	0	0
2021.11.25	1788.16	1795.15	1785.96	1788.61	37233	0	0
2021.11.26	1790.49	1815.53	1780.36	1790.96	100396	0	0
2021.11.29	1789.27	1799.41	1781.14	1784.59	94871	0	0
2021.11.30	1785.07	1808.77	1769.88	1774.81	128598	0	0
2021.12.01	1775.08	1794.22	1772.21	1781.78	106556	0	0
2021.12.02	1781.74	1783.39	1761.86	1768.08	61778	0	0
2021.12.03	1769.78	1786.07	1766.12	1783.44	102436	0	0
2021.12.06	1782.83	1787.76	1775.73	1778.41	87959	0	0
2021.12.07	1778.92	1787.79	1772.24	1784.10	82895	0	0
2021.12.08	1784.30	1793.10	1779.61	1783.01	90559	0	0
2021.12.09	1783.04	1787.71	1772.84	1775.12	80620	0	0
2021.12.10	1776.05	1789.51	1770.13	1782.87	69364	0	0
2021.12.13	1782.43	1791.56	1781.83	1786.60	63927	0	0
2021.12.14	1785.91	1789.50	1766.48	1770.56	65107	0	0
2021.12.15	1771.45	1780.86	1751.04	1777.04	84421	0	0
2021.12.16	1777.89	1799.68	1775.58	1799.19	90186	0	0
2021.12.17	1798.69	1814.25	1795.83	1797.48	76904	0	0
2021.12.20	1799.30	1804.14	1788.35	1790.86	74311	0	0
2021.12.21	1791.46	1800.46	1784.86	1788.89	70446	0	0
2021.12.22	1789.04	1805.03	1785.88	1803.57	60786	0	0
2021.12.23	1803.76	1810.75	1798.90	1808.48	57565	0	0
2021.12.27	1807.31	1813.49	1802.99	1811.89	54231	0	0
2021.12.28	1811.45	1820.21	1805.05	1806.07	56500	0	0
2021.12.29	1806.31	1807.70	1789.42	1804.33	66716	0	0
2021.12.30	1804.19	1817.17	1796.18	1814.59	57176	0	0
2021.12.31	1814.85	1828.61	1814.30	1828.34	47699	0	0
2022.01.03	1830.11	1831.69	1798.37	1801.25	71573	0	0
2022.01.04	1802.37	1816.75	1798.61	1814.54	83946	0	0
2022.01.05	1814.12	1829.64	1808.30	1810.21	79200	0	0
2022.01.06	1810.65	1811.55	1786.45	1790.90	103727	0	0
2022.01.07	1791.20	1798.68	1782.64	1796.62	80849	0	0
2022.01.10	1795.74	1802.34	1790.35	1801.66	80297	0	0
2022.01.11	1800.69	1823.27	1800.11	1821.51	81938	0	0
2022.01.12	1820.76	1828.03	1814.72	1826.15	80121	0	0
2022.01.13	1825.88	1828.18	1812.31	1822.56	82863	0	0
2022.01.14	1821.56	1829.22	1814.69	1817.38	89564	0	0
2022.01.17	1817.82	1823.17	1813.12	1819.20	45209	0	0
2022.01.18	1818.55	1822.76	1805.79	1813.65	101991	0	0
2022.01.19	1813.93	1843.33	1810.28	1840.37	91850	0	0
2022.01.20	1839.72	1847.93	1835.97	1839.47	91505	0	0
2022.01.21	1839.08	1843.24	1828.49	1834.39	97740	0	0
2022.01.24	1832.31	1844.35	1829.67	1843.00	112224	0	0
2022.01.25	1842.85	1853.88	1834.89	1847.98	97444	0	0
2022.01.26	1847.79	1850.08	1814.98	1819.47	97292	0	0
2022.01.27	1819.49	1822.15	1791.82	1797.13	114403	0	0
2022.01.28	1797.77	1799.44	1780.31	1791.81	97279	0	0
2022.01.31	1789.54	1799.92	1785.59	1797.30	80477	0	0
2022.02.01	1798.04	1808.78	1795.76	1801.03	76572	0	0
2022.02.02	1800.58	1810.79	1794.41	1806.79	71793	0	0
2022.02.03	1806.93	1808.96	1788.70	1804.81	81724	0	0
2022.02.04	1805.29	1814.92	1792.19	1808.20	79437	0	0
2022.02.07	1808.75	1823.57	1807.90	1820.49	79449	0	0
2022.02.08	1820.78	1828.77	1815.46	1825.97	67350	0	0
2022.02.09	1825.61	1835.85	1824.69	1832.91	63018	0	0
2022.02.10	1833.08	1841.96	1821.76	1826.63	88306	0	0
2022.02.11	1826.75	1865.50	1820.98	1859.00	108232	0	0
2022.02.14	1860.13	1874.15	1850.81	1871.35	116854	0	0
2022.02.15	1871.19	1879.49	1844.56	1853.50	101871	0	0
2022.02.16	1853.78	1872.57	1850.30	1869.64	85069	0	0
2022.02.17	1869.76	1901.12	1867.85	1898.41	112757	0	0
2022.02.18	1898.77	1902.49	1886.58	1897.46	103973	0	0
2022.02.21	1905.10	1908.26	1887.66	1903.03	70720	0	0
2022.02.22	1910.34	1914.10	1891.42	1898.51	121631	0	0
2022.02.23	1898.84	1910.46	1889.67	1909.04	84973	0	0
2022.02.24	1910.37	1974.41	1878.17	1903.93	156338	0	0
2022.02.25	1905.62	1921.93	1882.97	1888.71	115194	0	0
2022.02.28	1921.05	1928.22	1890.96	1908.93	112990	0	0
2022.03.01	1907.85	1950.18	1901.42	1945.01	107037	0	0
2022.03.02	1944.96	1947.94	1913.74	1928.59	108014	0	0
2022.03.03	1929.20	1941.20	1922.05	1936.23	98171	0	0
2022.03.04	1936.92	1970.77	1929.66	1970.46	119337	0	0
2022.03.07	1978.65	2002.60	1961.01	1997.60	151515	0	0
2022.03.08	1996.15	2070.27	1981.05	2049.70	152785	0	0
2022.03.09	2049.53	2059.18	1975.78	1991.85	140027	0	0
2022.03.10	1992.26	2009.16	1970.82	1996.70	113642	0	0
2022.03.11	1996.70	1999.12	1958.70	1987.31	84636	0	0
2022.03.14	1982.16	1984.08	1949.66	1950.72	83698	0	0
2022.03.15	1952.11	1954.60	1907.09	1917.69	90366	0	0
2022.03.16	1918.94	1929.48	1895.08	1926.11	83374	0	0
2022.03.17	1926.56	1949.81	1923.19	1942.49	73924	0	0
2022.03.18	1942.18	1945.27	1917.83	1919.98	67096	0	0
2022.03.21	1922.07	1941.19	1917.98	1935.89	67381	0	0
2022.03.22	1935.80	1938.40	1910.73	1921.36	73067	0	0
2022.03.23	1921.45	1948.35	1915.50	1944.20	66247	0	0
2022.03.24	1943.94	1966.12	1937.40	1957.59	73903	0	0
2022.03.25	1958.33	1964.26	1943.10	1957.78	86831	0	0
2022.03.28	1957.78	1958.37	1917.01	1922.67	101322	0	0
2022.03.29	1922.15	1929.33	1890.10	1919.50	104065	0	0
2022.03.30	1920.15	1938.51	1915.96	1932.64	85845	0	0
2022.03.31	1933.23	1949.77	1919.18	1937.11	90043	0	0
2022.04.01	1937.27	1939.52	1918.07	1924.35	84897	0	0
2022.04.04	1925.57	1936.90	1915.55	1932.73	74896	0	0
2022.04.05	1932.68	1944.59	1918.02	1923.43	86384	0	0
2022.04.06	1922.91	1933.40	1915.10	1925.26	105244	0	0
2022.04.07	1924.45	1937.76	1920.55	1931.45	89458	0	0
2022.04.08	1931.78	1948.21	1927.71	1946.12	77057	0	0
2022.04.11	1946.97	1969.74	1939.97	1953.63	94711	0	0
2022.04.12	1952.91	1978.57	1949.82	1966.48	93144	0	0
2022.04.13	1967.04	1981.55	1962.88	1978.16	84631	0	0
2022.04.14	1977.07	1980.35	1960.56	1973.37	87224	0	0
2022.04.18	1972.01	1998.36	1972.01	1978.63	88001	0	0
2022.04.19	1976.68	1981.97	1943.68	1950.12	97856	0	0
2022.04.20	1949.98	1958.30	1939.35	1957.52	99291	0	0
2022.04.21	1956.72	1957.38	1936.81	1951.20	96808	0	0
2022.04.22	1950.68	1955.62	1926.53	1930.94	106790	0	0
2022.04.25	1933.61	1934.43	1891.49	1897.91	116812	0	0
2022.04.26	1898.36	1911.19	1895.70	1905.17	101503	0	0
2022.04.27	1905.79	1907.00	1881.37	1885.88	100997	0	0
2022.04.28	1885.40	1896.74	1872.04	1894.57	96308	0	0
2022.04.29	1894.91	1919.90	1892.58	1896.23	92078	0	0
2022.05.02	1897.82	1899.89	1854.47	1862.84	87456	0	0
2022.05.03	1863.53	1878.13	1850.42	1868.21	86964	0	0
2022.05.04	1868.06	1889.69	1861.45	1881.23	76748	0	0
2022.05.05	1882.26	1909.79	1872.48	1877.10	105408	0	0
2022.05.06	1876.59	1892.54	1866.12	1882.61	98700	0	0
2022.05.09	1883.87	1885.63	1851.69	1853.83	102817	0	0
2022.05.10	1854.24	1865.46	1835.46	1838.24	113824	0	0
2022.05.11	1839.08	1858.12	1832.03	1852.44	105029	0	0
2022.05.12	1851.88	1858.76	1821.29	1821.80	119056	0	0
2022.05.13	1822.64	1828.82	1799.14	1811.34	100323	0	0
2022.05.16	1813.76	1826.89	1791.41	1823.93	87206	0	0
2022.05.17	1825.08	1836.11	1812.90	1815.04	92618	0	0
2022.05.18	1814.72	1824.70	1807.39	1816.52	99680	0	0
2022.05.19	1816.48	1849.18	1810.96	1842.10	114885	0	0
2022.05.20	1841.58	1849.43	1832.38	1846.30	91680	0	0
2022.05.23	1849.38	1865.37	1843.46	1853.49	89225	0	0
2022.05.24	1853.65	1869.70	1849.35	1866.40	79475	0	0
2022.05.25	1865.30	1868.08	1841.99	1853.22	81834	0	0
2022.05.26	1853.31	1854.35	1840.70	1850.68	80181	0	0
2022.05.27	1851.72	1861.94	1847.99	1853.00	74015	0	0
2022.05.30	1852.75	1864.00	1848.18	1855.22	46142	0	0
2022.05.31	1855.84	1857.16	1835.11	1837.46	83974	0	0
2022.06.01	1837.06	1850.05	1828.51	1846.42	81855	0	0
2022.06.02	1846.93	1870.39	1844.11	1868.54	67685	0	0
2022.06.03	1869.42	1874.11	1847.33	1850.90	63964	0	0
2022.06.06	1849.99	1857.80	1840.63	1841.54	69778	0	0
2022.06.07	1840.84	1855.57	1837.07	1852.38	75957	0	0
2022.06.08	1852.66	1859.66	1844.64	1853.12	69822	0	0
2022.06.09	1852.83	1855.35	1840.06	1847.98	81767	0	0
2022.06.10	1847.88	1875.92	1825.08	1871.38	99254	0	0
2022.06.13	1876.74	1879.02	1819.04	1819.36	122345	0	0
2022.06.14	1819.56	1831.54	1805.09	1808.24	110091	0	0
2022.06.15	1808.24	1841.92	1807.50	1833.86	116938	0	0
2022.06.16	1833.69	1857.53	1815.80	1856.65	121424	0	0
2022.06.17	1855.10	1855.26	1835.04	1840.08	96954	0	0
2022.06.20	1837.44	1846.06	1834.75	1838.42	65018	0	0
2022.06.21	1837.84	1843.63	1828.55	1833.06	79703	0	0
2022.06.22	1832.96	1847.76	1823.41	1837.84	85649	0	0
2022.06.23	1837.43	1846.07	1822.51	1822.59	88091	0	0
2022.06.24	1823.29	1831.76	1816.93	1826.98	81858	0	0
2022.06.27	1835.30	1841.04	1820.73	1822.63	73948	0	0
2022.06.28	1822.68	1829.52	1818.42	1819.90	65105	0	0
2022.06.29	1820.22	1833.07	1812.03	1817.80	72947	0	0
2022.06.30	1818.04	1825.06	1802.74	1807.12	80170	0	0
2022.07.01	1806.74	1809.30	1784.53	1808.94	88237	0	0
2022.07.04	1811.41	1814.30	1803.97	1807.96	53417	0	0
2022.07.05	1807.82	1812.16	1763.88	1764.58	89769	0	0
2022.07.06	1766.12	1772.86	1732.25	1739.08	97276	0	0
2022.07.07	1740.04	1749.11	1736.45	1740.09	76829	0	0
2022.07.08	1740.58	1752.34	1732.93	1742.45	81360	0	0
2022.07.11	1741.09	1744.57	1731.24	1734.02	67246	0	0
2022.07.12	1733.57	1744.40	1723.24	1726.09	76606	0	0
2022.07.13	1725.84	1745.36	1707.15	1735.56	85230	0	0
2022.07.14	1735.68	1736.29	1697.56	1709.72	93524	0	0
2022.07.15	1710.79	1716.52	1699.09	1707.32	82668	0	0
2022.07.18	1706.79	1723.91	1705.94	1708.99	78411	0	0
2022.07.19	1709.80	1718.44	1705.38	1711.56	71487	0	0
2022.07.20	1711.46	1714.46	1692.51	1696.53	71665	0	0
2022.07.21	1696.30	1720.18	1680.92	1718.22	84071	0	0
2022.07.22	1717.75	1739.25	1712.89	1727.38	83882	0	0
2022.07.25	1726.70	1736.22	1714.74	1719.64	77996	0	0
2022.07.26	1719.11	1728.16	1713.62	1717.20	76775	0	0
2022.07.27	1717.41	1740.24	1711.50	1734.33	81867	0	0
2022.07.28	1734.65	1757.10	1734.07	1755.83	96752	0	0
2022.07.29	1755.31	1767.94	1752.07	1766.00	96059	0	0
2022.08.01	1764.18	1775.24	1758.36	1772.12	90991	0	0
2022.08.02	1771.68	1788.09	1760.50	1761.04	104084	0	0
2022.08.03	1761.28	1772.80	1754.30	1765.47	89978	0	0
2022.08.04	1765.22	1794.94	1763.25	1791.13	82113	0	0
2022.08.05	1790.61	1794.90	1765.02	1775.42	88518	0	0
2022.08.08	1772.53	1790.05	1770.82	1788.98	74254	0	0
2022.08.09	1788.82	1800.40	1783.26	1794.31	72016	0	0
2022.08.10	1794.55	1807.92	1787.61	1792.19	81014	0	0
2022.08.11	1792.08	1799.27	1783.58	1789.44	80916	0	0
2022.08.12	1789.82	1802.17	1784.94	1801.62	75955	0	0
2022.08.15	1802.03	1802.27	1773.02	1779.42	74871	0	0
2022.08.16	1779.52	1783.16	1771.46	1775.46	67267	0	0
2022.08.17	1775.72	1782.34	1759.87	1762.00	85950	0	0
2022.08.18	1762.41	1772.42	1755.44	1758.38	79925	0	0
2022.08.19	1759.06	1759.31	1745.58	1747.28	80689	0	0
2022.08.22	1746.32	1749.12	1727.82	1736.15	80492	0	0
2022.08.23	1735.78	1754.12	1730.84	1747.79	81030	0	0
2022.08.24	1747.45	1755.86	1742.50	1751.29	77464	0	0
2022.08.25	1751.20	1765.50	1749.94	1758.62	77146	0	0
2022.08.26	1758.87	1758.89	1734.24	1738.08	87928	0	0
2022.08.29	1736.82	1745.52	1720.36	1737.45	86272	0	0
2022.08.30	1737.84	1740.50	1721.21	1724.23	76322	0	0
2022.08.31	1723.64	1726.55	1709.65	1710.99	88634	0	0
2022.09.01	1711.12	1711.46	1688.84	1697.55	89717	0	0
2022.09.02	1697.26	1717.99	1695.02	1712.78	81153	0	0
2022.09.05	1711.52	1715.82	1707.76	1710.09	50896	0	0
2022.09.06	1710.53	1726.76	1699.86	1701.90	92116	0	0
2022.09.07	1702.12	1719.39	1691.42	1718.27	94609	0	0
2022.09.08	1718.78	1728.20	1704.02	1708.42	97561	0	0
2022.09.09	1708.76	1729.52	1708.56	1716.85	87859	0	0
2022.09.12	1717.77	1735.13	1712.00	1724.69	88268	0	0
2022.09.13	1724.77	1731.86	1697.10	1702.32	94352	0	0
2022.09.14	1701.76	1707.08	1693.68	1697.36	98496	0	0
2022.09.15	1697.73	1698.26	1660.38	1664.56	91754	0	0
2022.09.16	1665.12	1680.32	1654.18	1675.01	92750	0	0
2022.09.19	1675.16	1679.98	1659.68	1675.71	73917	0	0
2022.09.20	1675.80	1679.44	1660.02	1664.76	80238	0	0
2022.09.21	1664.70	1688.06	1653.96	1673.73	90636	0	0
2022.09.22	1671.51	1684.90	1655.69	1671.16	109934	0	0
2022.09.23	1671.46	1675.86	1639.82	1644.87	102681	0	0
2022.09.26	1643.52	1649.82	1621.18	1622.40	116756	0	0
2022.09.27	1623.62	1642.43	1623.38	1629.16	97468	0	0
2022.09.28	1629.84	1662.70	1614.87	1659.88	114747	0	0
2022.09.29	1659.52	1664.92	1641.55	1660.52	106539	0	0
2022.09.30	1660.62	1675.42	1659.27	1660.79	97586	0	0
2022.10.03	1662.36	1701.44	1659.71	1699.62	98418	0	0
2022.10.04	1698.61	1729.48	1695.19	1726.34	97319	0	0
2022.10.05	1724.91	1727.82	1700.54	1716.25	93949	0	0
2022.10.06	1716.16	1725.56	1706.95	1712.49	89493	0	0
2022.10.07	1712.00	1714.82	1690.64	1694.80	85341	0	0
2022.10.10	1697.03	1699.88	1665.70	1668.03	81258	0	0
2022.10.11	1668.28	1683.98	1661.02	1666.10	96261	0	0
2022.10.12	1666.36	1678.28	1661.42	1673.12	93972	0	0
2022.10.13	1673.97	1682.43	1642.44	1666.19	98423	0	0
2022.10.14	1666.32	1671.72	1640.22	1644.29	102571	0	0
2022.10.17	1646.04	1668.42	1644.13	1650.57	86598	0	0
2022.10.18	1650.52	1660.88	1645.86	1651.92	89099	0	0
2022.10.19	1652.08	1654.45	1627.74	1629.01	87673	0	0
2022.10.20	1629.30	1645.62	1622.52	1628.03	93410	0	0
2022.10.21	1628.20	1657.77	1617.26	1657.33	106454	0	0
2022.10.24	1661.34	1670.90	1643.97	1649.36	108727	0	0
2022.10.25	1649.84	1662.38	1638.31	1653.08	94962	0	0
2022.10.26	1652.26	1674.97	1649.74	1664.62	97803	0	0
2022.10.27	1664.18	1670.79	1654.93	1663.26	99774	0	0
2022.10.28	1662.76	1667.06	1638.02	1644.60	95942	0	0
2022.10.31	1642.50	1645.68	1631.81	1633.56	80842	0	0
2022.11.01	1632.66	1657.03	1630.74	1647.66	94904	0	0
2022.11.02	1646.62	1669.49	1634.80	1635.07	91066	0	0
2022.11.03	1635.07	1640.99	1616.66	1629.55	98275	0	0
2022.11.04	1629.06	1681.74	1628.76	1680.79	107456	0	0
2022.11.07	1673.97	1681.88	1666.88	1675.31	93681	0	0
2022.11.08	1674.74	1716.89	1664.74	1712.33	90494	0	0
2022.11.09	1711.68	1722.34	1702.18	1706.92	101326	0	0
2022.11.10	1706.28	1757.30	1703.90	1755.48	105273	0	0
2022.11.11	1753.53	1772.78	1747.27	1770.15	107880	0	0
2022.11.14	1764.16	1775.04	1753.27	1771.09	94654	0	0
2022.11.15	1770.15	1786.51	1767.10	1778.72	112228	0	0
2022.11.16	1778.19	1785.06	1770.34	1773.79	99277	0	0
2022.11.17	1773.76	1774.77	1754.47	1760.17	95104	0	0
2022.11.18	1760.50	1767.68	1747.56	1750.97	85050	0	0
2022.11.21	1751.16	1753.04	1732.55	1737.75	84681	0	0
2022.11.22	1738.80	1749.80	1737.06	1739.97	75937	0	0
2022.11.23	1739.90	1753.40	1726.50	1749.40	81218	0	0
2022.11.24	1749.25	1758.64	1749.22	1755.38	52403	0	0
2022.11.25	1755.12	1761.16	1745.97	1754.65	66199	0	0
2022.11.28	1754.96	1763.75	1739.67	1741.50	85373	0	0
2022.11.29	1740.52	1759.01	1739.81	1749.67	89234	0	0
2022.11.30	1749.25	1770.02	1745.07	1768.39	97039	0	0
2022.12.01	1768.74	1804.10	1768.56	1802.86	106307	0	0
2022.12.02	1802.36	1804.54	1778.61	1798.52	98277	0	0
2022.12.05	1796.59	1810.00	1765.87	1768.65	100829	0	0
2022.12.06	1768.20	1780.88	1767.34	1770.99	88813	0	0
2022.12.07	1770.90	1790.54	1768.73	1785.98	94856	0	0
2022.12.08	1785.98	1794.88	1781.47	1788.98	83371	0	0
2022.12.09	1789.92	1806.14	1788.52	1797.26	86990	0	0
2022.12.12	1796.80	1797.22	1777.54	1781.27	82718	0	0
2022.12.13	1781.01	1824.51	1780.98	1810.51	101128	0	0
2022.12.14	1810.50	1814.15	1795.56	1807.20	96836	0	0
2022.12.15	1807.08	1808.67	1773.81	1776.80	105419	0	0
2022.12.16	1776.63	1794.28	1774.32	1792.92	90760	0	0
2022.12.19	1792.32	1798.68	1783.88	1787.65	80112	0	0
2022.12.20	1787.23	1821.09	1784.65	1817.67	111511	0	0
2022.12.21	1817.84	1823.80	1811.84	1814.15	82265	0	0
2022.12.22	1814.25	1820.42	1784.80	1792.40	86080	0	0
2022.12.23	1793.01	1803.31	1791.19	1798.46	75158	0	0
2022.12.27	1800.94	1833.32	1800.17	1813.47	74925	0	0
2022.12.28	1814.00	1814.59	1797.06	1804.21	74163	0	0
2022.12.29	1804.12	1820.21	1803.78	1814.79	71125	0	0
2022.12.30	1814.52	1826.10	1813.48	1823.73	78547	0	0
2023.01.03	1826.92	1849.98	1824.21	1839.47	104597	0	0
2023.01.04	1838.75	1865.15	1836.17	1854.68	101453	0	0
2023.01.05	1854.92	1859.03	1825.11	1832.92	93590	0	0
2023.01.06	1831.94	1869.88	1831.44	1865.84	90559	0	0
2023.01.09	1867.72	1881.54	1866.44	1871.67	90101	0	0
2023.01.10	1870.84	1880.76	1867.87	1876.91	85696	0	0
2023.01.11	1876.84	1886.58	1867.14	1875.65	82931	0	0
2023.01.12	1874.84	1901.60	1874.68	1896.75	96307	0	0
2023.01.13	1895.70	1921.91	1892.35	1920.39	93469	0	0
2023.01.16	1919.18	1928.98	1910.85	1915.46	58773	0	0
2023.01.17	1915.48	1919.05	1903.80	1908.59	83996	0	0
2023.01.18	1908.02	1925.95	1896.64	1904.16	100430	0	0
2023.01.19	1903.50	1935.17	1901.04	1932.12	96446	0	0
2023.01.20	1931.64	1937.52	1920.71	1926.48	81601	0	0
2023.01.23	1926.44	1935.54	1911.44	1930.85	80912	0	0
2023.01.24	1930.94	1942.49	1917.18	1937.26	80064	0	0
2023.01.25	1937.06	1948.08	1919.91	1946.08	79719	0	0
2023.01.26	1946.43	1949.24	1918.63	1928.94	84296	0	0
2023.01.27	1928.77	1935.00	1916.72	1928.32	73446	0	0
2023.01.30	1927.15	1934.54	1920.71	1923.23	84601	0	0
2023.01.31	1922.72	1931.14	1900.87	1928.10	92176	0	0
2023.02.01	1927.81	1954.49	1920.63	1950.06	90612	0	0
2023.02.02	1952.10	1959.78	1911.36	1912.60	106196	0	0
2023.02.03	1912.16	1918.60	1861.44	1865.75	101550	0	0
2023.02.06	1861.64	1881.30	1861.60	1867.65	94009	0	0
2023.02.07	1867.66	1884.32	1864.97	1873.63	93215	0	0
2023.02.08	1873.42	1886.34	1869.10	1875.55	78855	0	0
2023.02.09	1875.29	1890.28	1858.98	1861.59	82211	0	0
2023.02.10	1863.00	1872.29	1852.73	1865.44	87242	0	0
2023.02.13	1864.43	1866.65	1850.46	1853.41	69941	0	0
2023.02.14	1853.62	1870.48	1843.39	1854.36	92344	0	0
2023.02.15	1853.81	1860.12	1830.58	1835.85	84937	0	0
2023.02.16	1836.60	1845.32	1827.66	1836.43	83995	0	0
2023.02.17	1836.28	1843.59	1818.90	1841.94	82175	0	0
2023.02.20	1841.50	1847.51	1837.24	1841.28	42127	0	0
2023.02.21	1841.82	1843.83	1830.23	1834.87	78820	0	0
2023.02.22	1834.84	1846.01	1823.57	1825.20	81062	0	0
2023.02.23	1825.48	1833.80	1817.46	1822.27	78303	0	0
2023.02.24	1822.38	1827.82	1808.98	1810.75	86316	0	0
2023.02.27	1812.02	1820.17	1806.72	1817.25	78680	0	0
2023.02.28	1817.26	1831.16	1804.75	1826.50	75815	0	0
2023.03.01	1826.98	1844.56	1823.04	1836.56	83749	0	0
2023.03.02	1837.18	1838.95	1829.98	1835.60	81600	0	0
2023.03.03	1836.18	1856.30	1836.14	1855.10	70500	0	0
2023.03.06	1854.38	1858.24	1845.15	1846.61	64990	0	0
2023.03.07	1846.01	1851.66	1812.76	1813.05	79568	0	0
2023.03.08	1813.83	1824.26	1809.38	1813.72	71516	0	0
2023.03.09	1814.14	1835.62	1811.90	1830.77	70894	0	0
2023.03.10	1831.28	1870.19	1827.79	1867.14	97902	0	0
2023.03.13	1883.62	1914.60	1871.51	1913.56	137271	0	0
2023.03.14	1912.75	1914.10	1895.43	1903.86	114549	0	0
2023.03.15	1904.16	1937.39	1885.70	1918.01	118086	0	0
2023.03.16	1918.74	1933.44	1907.52	1919.34	118663	0	0
2023.03.17	1919.72	1987.88	1918.23	1987.68	107300	0	0
2023.03.20	1987.77	2009.80	1965.88	1978.64	123613	0	0
2023.03.21	1979.09	1985.15	1935.45	1940.53	96790	0	0
2023.03.22	1939.32	1978.86	1934.27	1969.79	104838	0	0
2023.03.23	1968.93	2003.34	1964.59	1993.97	113774	0	0
2023.03.24	1993.65	2003.04	1975.24	1978.55	108455	0	0
2023.03.27	1978.94	1979.30	1944.06	1956.35	91680	0	0
2023.03.28	1956.87	1975.28	1949.16	1973.52	81873	0	0
2023.03.29	1973.38	1974.39	1958.73	1964.37	71447	0	0
2023.03.30	1963.44	1984.34	1955.36	1980.21	76993	0	0
2023.03.31	1980.24	1987.56	1966.92	1969.22	89804	0	0
2023.04.03	1961.31	1990.55	1949.74	1984.35	92133	0	0
2023.04.04	1985.24	2024.96	1977.02	2020.53	86535	0	0
2023.04.05	2021.52	2032.07	2010.06	2020.66	80662	0	0
2023.04.06	2020.90	2021.40	2000.84	2007.32	79563	0	0
2023.04.10	1996.20	2006.58	1981.71	1991.18	65351	0	0
2023.04.11	1991.23	2007.49	1988.80	2003.52	71599	0	0
2023.04.12	2003.38	2028.25	2001.44	2014.77	88740	0	0
2023.04.13	2014.46	2048.76	2014.04	2040.10	80487	0	0
2023.04.14	2040.20	2047.43	1992.43	2004.42	93507	0	0
2023.04.17	1998.73	2015.05	1981.20	1995.08	83597	0	0
2023.04.18	1994.75	2011.85	1991.32	2005.21	77935	0	0
2023.04.19	2005.16	2008.13	1969.26	1994.67	91258	0	0
2023.04.20	1994.54	2012.33	1990.50	2004.70	81465	0	0
2023.04.21	2004.20	2005.54	1971.64	1982.84	88758	0	0
2023.04.24	1981.83	1990.81	1974.13	1989.05	77906	0	0
2023.04.25	1989.06	2003.80	1976.12	1997.06	92705	0	0
2023.04.26	1996.48	2009.34	1983.32	1989.29	98647	0	0
2023.04.27	1989.50	2003.22	1974.18	1987.74	93174	0	0
2023.04.28	1987.45	1995.08	1975.99	1989.55	96715	0	0
2023.05.01	1989.62	2006.02	1977.08	1982.44	71912	0	0
2023.05.02	1982.15	2019.38	1978.50	2016.53	84882	0	0
2023.05.03	2015.98	2040.37	2007.36	2038.52	89387	0	0
2023.05.04	2071.72	2071.72	2030.40	2050.15	116160	0	0
2023.05.05	2048.72	2053.02	1999.52	2016.54	83466	0	0
2023.05.08	2016.66	2029.39	2014.30	2021.36	76204	0	0
2023.05.09	2021.10	2037.59	2019.51	2034.42	87645	0	0
2023.05.10	2034.46	2048.18	2021.54	2030.10	92314	0	0
2023.05.11	2029.82	2041.14	2011.13	2014.95	104233	0	0
2023.05.12	2015.04	2022.59	2000.93	2010.91	97445	0	0
2023.05.15	2008.18	2022.19	2007.28	2016.32	78894	0	0
2023.05.16	2016.54	2018.36	1985.51	1988.81	96598	0	0
2023.05.17	1989.12	1993.09	1975.04	1981.41	85677	0	0
2023.05.18	1981.24	1986.01	1951.97	1957.39	81549	0	0
2023.05.19	1958.28	1984.16	1954.01	1977.50	89789	0	0
2023.05.22	1977.74	1982.62	1968.94	1971.73	94990	0	0
2023.05.23	1972.04	1977.64	1954.26	1974.88	107276	0	0
2023.05.24	1975.14	1985.24	1956.74	1957.24	105330	0	0
2023.05.25	1958.34	1964.75	1938.85	1940.69	92318	0	0
2023.05.26	1941.38	1957.31	1936.72	1946.72	99949	0	0
2023.05.29	1943.24	1949.72	1940.26	1943.58	40989	0	0
2023.05.30	1943.46	1963.48	1932.07	1959.17	81190	0	0
2023.05.31	1959.05	1974.71	1953.69	1962.60	82559	0	0
2023.06.01	1963.12	1983.15	1953.37	1977.40	76606	0	0
2023.06.02	1976.89	1983.43	1947.50	1947.62	73301	0	0
2023.06.05	1947.26	1964.02	1938.14	1961.70	71859	0	0
2023.06.06	1961.69	1966.41	1954.38	1963.23	69936	0	0
2023.06.07	1963.80	1970.19	1939.77	1939.87	74761	0	0
2023.06.08	1940.38	1970.50	1940.12	1965.44	72461	0	0
2023.06.09	1965.83	1973.00	1956.64	1960.46	62701	0	0
2023.06.12	1960.22	1966.98	1949.22	1957.34	68898	0	0
2023.06.13	1957.07	1970.90	1940.06	1943.44	76523	0	0
2023.06.14	1943.22	1960.25	1939.61	1941.74	80413	0	0
2023.06.15	1942.09	1960.29	1924.70	1957.96	89572	0	0
2023.06.16	1957.14	1967.91	1953.29	1957.28	88141	0	0
2023.06.19	1958.10	1958.73	1947.83	1950.50	45542	0	0
2023.06.20	1951.02	1956.83	1929.83	1936.17	83564	0	0
2023.06.21	1936.54	1939.53	1919.20	1932.60	85813	0	0
2023.06.22	1932.69	1934.95	1912.43	1913.68	73543	0	0
2023.06.23	1914.05	1937.42	1910.17	1920.85	77424	0	0
2023.06.26	1923.86	1933.36	1921.57	1923.14	71759	0	0
2023.06.27	1923.34	1930.69	1910.92	1913.62	74750	0	0
2023.06.28	1914.20	1917.26	1902.85	1907.28	73211	0	0
2023.06.29	1907.64	1913.12	1893.01	1908.25	79029	0	0
2023.06.30	1908.57	1922.79	1900.54	1919.17	75325	0	0
2023.07.03	1918.99	1930.99	1910.12	1921.48	63035	0	0
2023.07.04	1921.23	1930.75	1919.95	1925.88	41274	0	0
2023.07.05	1925.80	1935.08	1914.75	1915.16	72097	0	0
2023.07.06	1915.96	1927.66	1902.66	1910.93	74784	0	0
2023.07.07	1910.61	1934.86	1909.58	1925.31	73528	0	0
2023.07.10	1924.52	1928.25	1912.68	1925.28	70231	0	0
2023.07.11	1925.19	1938.45	1924.38	1932.09	72824	0	0
2023.07.12	1932.31	1959.67	1932.26	1957.35	79445	0	0
2023.07.13	1957.04	1963.58	1952.43	1960.39	81103	0	0
2023.07.14	1960.27	1963.77	1950.95	1955.45	79569	0	0
2023.07.17	1955.42	1959.90	1945.78	1954.92	69318	0	0
2023.07.18	1954.69	1984.42	1954.61	1978.74	81483	0	0
2023.07.19	1978.88	1980.91	1969.77	1976.97	72342	0	0
2023.07.20	1976.56	1987.46	1965.38	1969.50	79756	0	0
2023.07.21	1970.39	1973.80	1956.86	1961.84	73449	0	0
2023.07.24	1962.10	1967.91	1953.40	1954.87	70537	0	0
2023.07.25	1955.28	1965.67	1952.50	1964.85	66500	0	0
2023.07.26	1964.98	1978.41	1962.00	1972.27	80853	0	0
2023.07.27	1971.51	1982.20	1942.62	1945.52	82047	0	0
2023.07.28	1946.59	1963.58	1945.38	1959.15	86529	0	0
2023.07.31	1959.57	1972.42	1951.31	1965.52	69506	0	0
2023.08.01	1965.78	1966.05	1941.27	1944.19	68969	0	0
2023.08.02	1950.77	1954.78	1933.04	1934.87	75276	0	0
2023.08.03	1935.42	1939.00	1929.55	1933.98	73751	0	0
2023.08.04	1934.67	1946.76	1925.68	1942.65	73302	0	0
2023.08.07	1942.55	1946.71	1931.53	1936.52	58758	0	0
2023.08.08	1936.20	1938.08	1922.78	1925.22	69753	0	0
2023.08.09	1925.07	1932.39	1914.07	1914.70	62165	0	0
2023.08.10	1914.81	1930.15	1912.17	1912.33	72924	0	0
2023.08.11	1912.41	1920.92	1910.80	1913.62	62902	0	5
2023.08.14	1912.52	1916.20	1902.74	1907.42	66808	0	5
2023.08.15	1907.19	1911.64	1896.36	1901.85	78224	0	2
2023.08.16	1901.12	1907.20	1891.84	1891.92	71795	0	5
2023.08.17	1891.93	1903.44	1885.04	1889.33	76427	0	0
2023.08.18	1889.25	1896.84	1886.80	1889.37	67032	0	5
2023.08.21	1889.08	1898.78	1884.86	1894.67	71504	0	4
2023.08.22	1894.52	1904.47	1889.16	1897.38	70352	0	5
2023.08.23	1897.46	1920.38	1897.17	1915.38	74498	0	5
2023.08.24	1915.14	1923.35	1911.81	1916.69	70370	0	5
2023.08.25	1916.92	1922.36	1903.80	1914.21	70522	0	5
2023.08.28	1915.31	1926.08	1912.84	1920.06	60328	0	5
2023.08.29	1919.78	1938.15	1914.46	1937.32	68443	0	0
2023.08.30	1937.55	1949.10	1934.97	1942.42	73190	0	4
2023.08.31	1942.55	1947.83	1939.01	1940.06	66483	0	0
2023.09.01	1939.88	1952.91	1934.44	1939.85	70756	0	0
2023.09.04	1940.34	1946.36	1936.79	1938.58	41259	0	2
2023.09.05	1938.40	1938.97	1925.36	1925.97	70001	0	4
2023.09.06	1926.00	1929.18	1915.31	1916.42	66603	0	4
2023.09.07	1916.60	1923.58	1916.26	1919.62	60484	0	4
2023.09.08	1919.38	1929.71	1917.34	1919.13	60481	0	4
2023.09.11	1919.83	1930.73	1916.80	1922.33	69257	0	4
2023.09.12	1922.74	1924.50	1907.64	1913.34	61168	0	0
2023.09.13	1912.77	1915.71	1905.59	1908.15	67887	0	5
2023.09.14	1908.54	1912.88	1901.00	1910.51	73942	0	5
2023.09.15	1910.77	1930.39	1909.80	1923.68	71325	0	5
2023.09.18	1923.77	1934.23	1922.57	1933.61	60734	0	4
2023.09.19	1933.44	1937.41	1929.81	1931.32	51332	0	4
2023.09.20	1931.62	1947.42	1927.95	1930.36	65086	0	0
2023.09.21	1930.78	1931.59	1913.94	1919.94	68678	0	3
2023.09.22	1919.88	1929.10	1919.44	1925.25	55930	0	5
2023.09.25	1924.76	1927.16	1915.16	1915.78	51035	0	4
2023.09.26	1916.04	1916.81	1899.12	1900.58	56223	0	4
2023.09.27	1900.38	1903.90	1872.54	1874.99	64539	0	0
2023.09.28	1876.04	1879.53	1857.68	1864.80	71412	0	4
2023.09.29	1865.24	1879.84	1846.32	1848.74	71304	0	2
2023.10.02	1847.81	1850.59	1827.14	1827.77	73721	0	2
2023.10.03	1828.80	1833.36	1815.32	1822.94	84485	0	2
2023.10.04	1822.84	1830.51	1816.64	1821.10	84965	0	1
2023.10.05	1821.53	1829.20	1813.07	1820.24	72505	0	0
2023.10.06	1820.26	1834.88	1810.43	1831.84	79026	0	0
2023.10.09	1848.06	1863.50	1844.23	1861.35	72223	0	2
2023.10.10	1861.10	1865.40	1853.00	1860.42	79433	0	4
2023.10.11	1859.76	1877.18	1858.63	1874.27	80025	0	3
2023.10.12	1874.56	1884.95	1867.89	1868.73	80832	0	5
2023.10.13	1868.85	1932.41	1868.70	1932.41	91751	0	0
2023.10.16	1929.58	1929.58	1908.18	1920.06	83683	0	5
2023.10.17	1919.70	1931.56	1912.41	1923.05	82217	0	5
2023.10.18	1923.36	1962.60	1923.24	1947.62	91938	0	0
2023.10.19	1947.50	1977.72	1945.25	1974.28	97397	0	2
2023.10.20	1974.09	1997.17	1972.02	1980.90	98604	0	0
2023.10.23	1965.68	1982.82	1964.38	1972.74	91656	0	0
2023.10.24	1972.68	1980.83	1953.59	1971.03	87510	0	5
2023.10.25	1971.38	1987.24	1963.05	1979.45	82561	0	0
2023.10.26	1980.79	1993.45	1971.86	1984.73	92738	0	1
2023.10.27	1984.51	2009.36	1976.88	2005.91	91405	0	0
2023.10.30	2004.22	2006.82	1990.92	1996.15	88962	0	0
2023.10.31	1995.58	2007.89	1978.88	1983.97	86610	0	2
2023.11.01	1983.80	1992.02	1969.88	1982.67	89788	0	0
2023.11.02	1983.25	1991.03	1978.85	1985.77	77765	0	0
2023.11.03	1985.28	2004.09	1983.28	1992.52	81105	0	0
2023.11.06	1992.40	1993.14	1977.40	1977.82	76834	0	0
2023.11.07	1977.83	1978.36	1956.68	1969.03	82079	0	3
2023.11.08	1968.77	1971.06	1947.44	1950.20	79850	0	1
2023.11.09	1950.00	1965.58	1944.64	1958.41	83084	0	0
2023.11.10	1958.30	1960.82	1933.04	1938.62	82415	0	0
2023.11.13	1938.57	1949.20	1931.72	1946.11	76594	0	2
2023.11.14	1946.17	1970.89	1943.81	1963.16	78381	0	0
2023.11.15	1962.58	1975.10	1955.44	1959.19	84987	0	0
2023.11.16	1960.08	1987.96	1956.52	1981.10	78660	0	1
2023.11.17	1980.86	1993.42	1978.64	1980.56	80146	0	5
2023.11.20	1978.25	1985.25	1965.42	1977.65	91404	0	5
2023.11.21	1977.91	2007.57	1977.71	1998.26	95995	0	0
2023.11.22	1998.88	2006.24	1986.91	1989.81	86373	0	0
2023.11.23	1989.18	1998.51	1989.12	1992.74	43801	0	0
2023.11.24	1992.98	2003.67	1991.45	2002.48	58827	0	0
2023.11.27	2002.40	2018.19	2000.64	2014.18	85994	0	0
2023.11.28	2014.05	2043.04	2011.70	2041.07	86268	0	0
2023.11.29	2041.13	2051.99	2035.41	2044.15	98443	0	0
2023.11.30	2044.88	2047.20	2031.24	2036.09	87392	0	0
2023.12.01	2036.88	2075.36	2033.89	2071.63	97537	0	0
2023.12.04	2072.38	2143.85	2020.15	2028.89	118484	0	0
2023.12.05	2029.44	2041.24	2009.92	2019.36	101621	0	0
2023.12.06	2018.63	2035.88	2017.24	2025.26	85589	0	1
2023.12.07	2026.08	2039.92	2020.15	2028.54	89382	0	0
2023.12.08	2028.76	2034.00	1994.67	2004.08	95606	0	0
2023.12.11	2003.67	2007.83	1975.92	1981.69	83437	0	0
2023.12.12	1982.10	1996.73	1977.23	1979.30	76743	0	0
2023.12.13	1979.63	2027.79	1973.02	2027.23	82174	0	0
2023.12.14	2028.36	2047.91	2024.35	2036.20	117021	0	0
2023.12.15	2036.41	2044.93	2015.59	2019.02	91551	0	0
2023.12.18	2019.62	2033.64	2016.01	2027.21	68988	0	0
2023.12.19	2027.52	2047.00	2021.71	2040.13	73706	0	0
2023.12.20	2040.10	2043.48	2027.46	2031.30	71088	0	4
2023.12.21	2031.76	2046.01	2031.57	2045.78	78421	0	4
2023.12.22	2045.87	2070.65	2045.87	2052.75	89705	0	0
2023.12.26	2053.51	2069.01	2052.97	2067.54	51074	0	3
2023.12.27	2068.08	2084.48	2061.51	2077.49	65265	0	0
2023.12.28	2078.42	2088.48	2064.64	2065.25	78351	0	0
2023.12.29	2065.99	2074.74	2058.25	2063.03	77058	0	4
2024.01.02	2063.69	2078.88	2056.04	2058.91	84066	0	4
2024.01.03	2059.26	2065.94	2030.60	2041.27	92297	0	0
2024.01.04	2041.77	2050.98	2036.31	2043.28	80008	0	0
2024.01.05	2043.93	2063.98	2024.48	2045.30	93900	0	0
2024.01.08	2045.16	2046.64	2016.84	2028.18	87462	0	0
2024.01.09	2028.19	2041.94	2026.14	2030.21	81872	0	0
2024.01.10	2030.29	2040.09	2020.47	2024.32	80873	0	0
2024.01.11	2024.38	2042.43	2013.36	2028.54	90664	0	0
2024.01.12	2028.77	2062.24	2028.73	2048.81	87264	0	0
2024.01.15	2048.19	2058.63	2045.80	2054.85	49118	0	0
2024.01.16	2054.63	2055.62	2024.28	2028.22	92317	0	0
2024.01.17	2028.23	2032.96	2001.91	2006.11	89969	0	0
2024.01.18	2005.80	2023.27	2005.62	2022.93	78842	0	0
2024.01.19	2023.43	2039.20	2020.44	2029.33	76334	0	0
2024.01.22	2029.48	2032.16	2016.89	2021.62	77375	0	0
2024.01.23	2021.88	2037.81	2019.65	2029.23	79878	0	0
2024.01.24	2029.02	2036.66	2011.22	2013.50	81476	0	0
2024.01.25	2014.45	2025.30	2009.69	2020.70	76353	0	0
2024.01.26	2020.66	2026.65	2015.96	2018.49	62038	0	0
2024.01.29	2023.45	2037.58	2019.33	2032.70	63529	0	0
2024.01.30	2032.81	2048.62	2029.09	2036.87	67039	0	0
2024.01.31	2036.90	2056.02	2030.89	2039.20	86587	0	0
2024.02.01	2039.99	2065.41	2030.08	2054.98	108969	0	0
2024.02.02	2054.63	2057.63	2027.87	2039.57	81269	0	0
2024.02.05	2039.68	2042.29	2014.92	2025.04	99891	0	0
2024.02.06	2024.95	2038.90	2022.92	2035.86	80948	0	0
2024.02.07	2035.96	2044.60	2030.63	2035.00	79458	0	0
2024.02.08	2035.24	2038.72	2020.20	2034.33	86388	0	0
2024.02.09	2034.30	2037.25	2020.32	2024.26	75222	0	0
2024.02.12	2023.25	2027.55	2011.90	2019.94	69957	0	0
2024.02.13	2019.69	2031.84	1990.19	1992.95	79317	0	0
2024.02.14	1993.44	1996.13	1984.26	1992.10	80642	0	0
2024.02.15	1992.15	2008.28	1990.30	2004.25	78811	0	0
2024.02.16	2004.08	2015.20	1995.11	2013.18	74390	0	0
2024.02.19	2014.52	2022.98	2011.31	2017.99	44225	0	0
2024.02.20	2017.96	2030.91	2015.05	2024.23	76664	0	0
2024.02.21	2024.21	2032.27	2020.07	2025.97	74563	0	0
2024.02.22	2025.81	2034.81	2019.66	2024.27	81124	0	0
2024.02.23	2024.27	2041.34	2016.08	2035.52	75894	0	0
2024.02.26	2034.82	2037.04	2025.10	2031.16	70071	0	0
2024.02.27	2031.14	2039.48	2028.81	2030.38	63581	0	0
2024.02.28	2030.59	2037.90	2024.49	2034.37	64064	0	0
2024.02.29	2034.14	2050.74	2028.11	2044.12	76130	0	0
2024.03.01	2043.69	2088.35	2039.10	2083.26	94266	0	0
2024.03.04	2082.50	2119.92	2079.51	2114.27	89323	0	0
2024.03.05	2114.77	2141.82	2110.51	2127.84	96828	0	0
2024.03.06	2128.01	2152.23	2123.73	2148.03	99573	0	0
2024.03.07	2148.85	2164.74	2144.22	2159.93	97553	0	0
2024.03.08	2159.63	2195.19	2154.02	2178.55	108669	0	0
2024.03.11	2179.77	2189.01	2174.88	2182.65	110352	0	0
2024.03.12	2182.44	2184.79	2150.66	2158.13	126193	0	0
2024.03.13	2157.94	2179.91	2155.82	2174.32	110925	0	0
2024.03.14	2174.48	2177.00	2152.80	2162.19	110904	0	0
2024.03.15	2161.90	2172.73	2155.21	2155.82	103935	0	0
2024.03.18	2155.34	2163.64	2146.16	2160.26	100700	0	0
2024.03.19	2160.12	2162.86	2147.19	2157.48	106373	0	0
2024.03.20	2157.80	2188.84	2149.63	2186.24	115964	0	0
2024.03.21	2186.76	2223.08	2166.47	2181.25	160098	0	0
2024.03.22	2181.50	2186.13	2157.16	2165.27	124145	0	2
2024.03.25	2165.75	2181.32	2163.62	2171.73	116389	0	0
2024.03.26	2171.62	2200.13	2167.67	2178.63	125209	0	0
2024.03.27	2178.58	2197.64	2173.49	2194.88	110391	0	0
2024.03.28	2194.09	2236.24	2187.41	2232.88	132559	0	0
2024.04.01	2239.90	2265.71	2228.54	2251.31	141459	0	0
2024.04.02	2251.58	2281.06	2246.77	2280.53	158882	0	3
2024.04.03	2280.46	2301.14	2265.47	2299.64	154532	0	0
2024.04.04	2299.88	2305.66	2280.06	2290.95	143273	0	1
2024.04.05	2290.82	2330.52	2267.79	2329.28	156014	0	0
2024.04.08	2324.16	2354.03	2302.98	2338.82	188713	0	0
2024.04.09	2338.95	2365.34	2336.97	2352.22	173880	0	0
2024.04.10	2353.08	2360.14	2319.38	2333.55	181528	0	0
2024.04.11	2333.88	2377.71	2325.77	2372.41	188251	0	0
2024.04.12	2371.98	2431.52	2333.84	2344.22	230492	0	0
2024.04.15	2352.52	2387.66	2324.39	2383.10	230399	0	0
2024.04.16	2382.26	2398.35	2363.07	2382.85	210812	0	0
2024.04.17	2381.95	2395.62	2354.68	2361.16	189778	0	0
2024.04.18	2361.57	2392.89	2361.37	2378.86	176765	0	0
2024.04.19	2378.44	2417.94	2372.89	2390.63	216955	0	0
2024.04.22	2388.86	2389.80	2324.57	2327.25	185088	0	0
2024.04.23	2327.32	2334.48	2291.51	2322.11	198423	0	0
2024.04.24	2321.70	2337.34	2311.84	2315.96	170921	0	0
2024.04.25	2315.18	2344.89	2305.10	2332.37	166986	0	0
2024.04.26	2332.18	2352.61	2326.37	2337.78	147811	0	0
2024.04.29	2336.43	2346.77	2319.91	2335.36	174600	0	0
2024.04.30	2335.68	2336.37	2285.17	2286.30	168515	0	0
2024.05.01	2286.49	2328.34	2281.73	2319.48	169376	0	0
2024.05.02	2321.78	2326.50	2285.51	2303.51	160683	0	0
2024.05.03	2303.97	2320.62	2277.34	2301.67	150824	0	0
2024.05.06	2304.90	2332.04	2291.85	2323.76	149215	0	0
2024.05.07	2324.18	2329.99	2310.03	2313.83	130723	0	0
2024.05.08	2313.70	2321.48	2303.73	2308.83	129875	0	0
2024.05.09	2308.90	2347.27	2306.66	2346.02	127813	0	0
2024.05.10	2346.47	2378.48	2345.27	2360.47	147081	0	0
2024.05.13	2361.65	2364.53	2332.17	2336.14	127322	0	0
2024.05.14	2336.30	2359.72	2334.87	2358.00	126924	0	0
2024.05.15	2357.81	2390.26	2351.87	2385.76	149691	0	1
2024.05.16	2385.62	2397.40	2371.01	2376.72	143034	0	0
2024.05.17	2377.18	2422.75	2374.03	2413.84	130831	0	0
2024.05.20	2416.14	2450.06	2407.39	2426.22	193267	0	0
2024.05.21	2426.92	2433.96	2406.27	2420.88	173961	0	0
2024.05.22	2421.25	2426.54	2374.98	2378.58	175059	0	0
2024.05.23	2379.77	2383.74	2327.03	2328.55	186864	0	0
2024.05.24	2328.68	2347.42	2325.43	2333.86	135015	0	3
2024.05.27	2338.13	2358.56	2332.32	2351.12	106310	0	0
2024.05.28	2351.40	2364.07	2340.33	2361.13	142999	0	3
2024.05.29	2360.52	2362.66	2334.54	2338.00	139043	0	0
2024.05.30	2337.98	2351.87	2322.65	2342.98	160276	0	0
2024.05.31	2344.10	2359.72	2320.64	2327.46	166663	0	0
2024.06.03	2327.79	2354.77	2314.79	2350.45	173115	0	0
2024.06.04	2350.78	2352.86	2315.66	2326.79	180450	0	0
2024.06.05	2326.54	2357.44	2325.91	2355.13	161419	0	0
2024.06.06	2356.17	2378.52	2353.50	2375.68	170849	0	0
2024.06.07	2375.82	2387.72	2286.82	2293.38	212144	0	0
2024.06.10	2294.62	2313.80	2287.79	2310.86	141598	0	5
2024.06.11	2311.81	2319.97	2297.77	2316.73	156955	0	0
2024.06.12	2317.06	2341.66	2310.70	2324.88	177567	0	0
2024.06.13	2324.96	2326.72	2295.55	2303.85	168813	0	0
2024.06.14	2303.91	2336.68	2301.56	2332.60	178180	0	0
2024.06.17	2331.37	2332.87	2310.05	2318.96	141452	0	0
2024.06.18	2318.93	2333.17	2306.62	2329.34	145890	0	0
2024.06.19	2329.02	2335.01	2323.78	2328.24	88440	0	0
2024.06.20	2328.80	2365.54	2327.75	2360.02	158139	0	0
2024.06.21	2360.40	2368.77	2316.78	2321.42	158973	0	0
2024.06.24	2321.61	2334.71	2317.71	2334.43	136010	0	0
2024.06.25	2333.97	2337.13	2315.56	2319.51	133501	0	0
2024.06.26	2319.19	2324.09	2293.66	2298.06	153126	0	0
2024.06.27	2298.33	2330.95	2296.56	2327.48	143225	0	0
2024.06.28	2327.72	2339.76	2319.09	2326.40	148854	0	0
2024.07.01	2327.13	2338.54	2318.56	2331.72	144303	0	3
2024.07.02	2331.45	2336.81	2319.07	2329.35	139189	0	0
2024.07.03	2329.47	2364.98	2326.96	2356.07	142087	0	0
2024.07.04	2355.19	2362.55	2350.52	2356.95	80873	0	0
2024.07.05	2357.31	2392.96	2348.98	2391.06	156425	0	0
2024.07.08	2385.20	2391.12	2351.07	2359.09	146397	0	0
2024.07.09	2358.98	2371.56	2349.49	2363.73	143142	0	0
2024.07.10	2363.63	2386.68	2363.04	2371.26	123440	0	0
2024.07.11	2371.25	2424.58	2370.95	2415.32	159334	0	0
2024.07.12	2415.54	2418.30	2391.45	2411.59	153658	0	0
2024.07.15	2411.80	2439.78	2401.37	2422.23	160400	0	0
2024.07.16	2422.23	2469.71	2420.02	2468.69	165866	0	0
2024.07.17	2468.45	2483.69	2451.58	2458.66	194649	0	0
2024.07.18	2458.66	2474.94	2440.38	2445.08	174254	0	0
2024.07.19	2445.41	2445.86	2393.86	2400.30	179683	0	0
2024.07.22	2401.86	2412.17	2383.92	2396.35	163292	0	0
2024.07.23	2396.23	2412.06	2388.30	2409.53	157400	0	0
2024.07.24	2408.92	2432.02	2396.72	2397.23	173217	0	3
2024.07.25	2397.28	2401.24	2353.14	2364.49	235123	0	0
2024.07.26	2364.16	2390.81	2355.85	2387.34	172875	0	0
2024.07.29	2388.99	2403.16	2369.68	2383.50	178930	0	0
2024.07.30	2383.31	2412.89	2376.51	2410.92	173765	0	0
2024.07.31	2410.23	2451.01	2403.92	2447.24	212197	0	0
2024.08.01	2448.40	2462.31	2430.27	2446.30	229762	0	0
2024.08.02	2446.36	2477.72	2410.87	2441.38	248221	0	0
2024.08.05	2442.10	2458.78	2364.35	2409.96	329647	0	0
2024.08.06	2410.23	2418.36	2381.78	2389.90	250754	0	0
2024.08.07	2391.85	2407.06	2379.07	2383.06	208209	0	0
2024.08.08	2382.79	2427.64	2380.96	2427.18	210268	0	0
2024.08.09	2426.89	2437.07	2416.93	2431.07	174941	0	0
2024.08.12	2429.67	2473.16	2423.88	2472.03	151098	0	0
2024.08.13	2470.53	2476.97	2458.51	2464.98	165528	0	0
2024.08.14	2465.72	2480.02	2438.13	2447.92	187013	0	0
2024.08.15	2447.56	2470.09	2432.23	2456.24	174011	0	0
2024.08.16	2456.42	2509.76	2450.82	2507.46	174418	0	0
2024.08.19	2510.66	2510.75	2485.67	2504.23	179248	0	0
2024.08.20	2503.13	2531.72	2497.36	2514.01	176304	0	0
2024.08.21	2513.64	2519.98	2494.03	2512.30	178819	0	0
2024.08.22	2511.89	2514.68	2470.87	2484.73	177355	0	0
2024.08.23	2484.76	2518.37	2484.46	2511.93	177066	0	0
2024.08.26	2512.77	2526.94	2508.76	2517.91	173074	0	0
2024.08.27	2517.98	2525.99	2503.58	2524.59	163579	0	0
2024.08.28	2524.44	2529.04	2493.66	2504.67	167377	0	0
2024.08.29	2504.48	2528.72	2503.69	2521.09	172068	0	0
2024.08.30	2521.26	2526.91	2494.17	2503.35	172986	0	0
2024.09.02	2503.75	2507.32	2490.06	2499.61	107629	0	0
2024.09.03	2499.09	2506.31	2473.47	2492.86	183652	0	0
2024.09.04	2492.73	2500.27	2471.93	2495.45	169217	0	0
2024.09.05	2495.19	2523.47	2493.86	2516.63	167803	0	0
2024.09.06	2516.57	2529.22	2485.16	2497.61	189896	0	0
2024.09.09	2496.33	2507.18	2485.57	2506.14	167048	0	1
2024.09.10	2506.07	2518.47	2500.16	2516.54	158828	0	0
2024.09.11	2516.38	2529.06	2500.97	2511.42	191706	0	0
2024.09.12	2511.76	2560.12	2511.04	2558.60	183369	0	0
2024.09.13	2558.60	2586.08	2556.81	2578.38	188124	0	0
2024.09.16	2579.35	2589.68	2575.29	2582.42	145478	0	0
2024.09.17	2582.18	2586.95	2560.82	2569.45	161971	0	0
2024.09.18	2569.42	2600.16	2546.86	2559.27	197090	0	0
2024.09.19	2558.74	2594.89	2551.16	2586.61	210911	0	0
2024.09.20	2586.52	2625.79	2584.82	2622.26	186246	0	0
2024.09.23	2618.89	2634.88	2613.92	2628.39	168236	0	0
2024.09.24	2628.63	2664.39	2622.68	2656.99	201764	0	0
2024.09.25	2657.25	2670.52	2649.83	2657.02	185292	0	0
2024.09.26	2656.99	2685.58	2654.84	2672.23	203215	0	0
2024.09.27	2672.14	2674.34	2643.18	2659.81	211053	0	0
2024.09.30	2658.49	2666.04	2624.74	2634.53	203644	0	0
2024.10.01	2634.38	2673.11	2632.13	2663.37	180388	0	0
2024.10.02	2663.11	2663.46	2641.18	2658.67	170338	0	0
2024.10.03	2658.33	2662.94	2638.01	2656.01	187745	0	0
2024.10.04	2655.71	2670.20	2632.05	2653.57	183297	0	0
2024.10.07	2651.45	2659.66	2637.81	2642.51	175227	0	0
2024.10.08	2642.63	2653.09	2604.81	2621.85	230810	0	0
2024.10.09	2621.56	2624.31	2605.21	2607.68	186725	0	0
2024.10.10	2607.40	2631.51	2604.49	2630.05	199606	0	0
2024.10.11	2629.74	2661.45	2628.18	2656.38	168715	0	0
2024.10.14	2656.86	2666.82	2643.20	2648.52	157221	0	0
2024.10.15	2648.71	2668.93	2638.14	2662.64	183575	0	0
2024.10.16	2662.55	2685.34	2658.75	2673.64	181907	0	0
2024.10.17	2673.71	2696.76	2673.21	2692.83	193302	0	0
2024.10.18	2692.53	2722.54	2692.23	2721.91	193304	0	4
2024.10.21	2719.57	2740.58	2714.24	2719.50	206803	0	0
2024.10.22	2719.87	2748.90	2718.93	2748.81	192104	0	1
2024.10.23	2746.85	2758.45	2708.79	2715.57	201942	0	0
2024.10.24	2715.48	2743.26	2715.09	2735.84	196567	0	0
2024.10.25	2735.83	2747.75	2717.08	2747.39	176901	0	0
2024.10.28	2734.61	2745.98	2724.75	2742.24	177065	0	0
2024.10.29	2742.21	2774.80	2739.93	2774.44	185672	0	0
2024.10.30	2774.29	2790.01	2770.94	2787.21	187526	0	0
2024.10.31	2787.47	2790.10	2731.59	2743.77	197108	0	0
2024.11.01	2743.83	2762.22	2733.26	2735.84	200952	0	0
2024.11.04	2735.95	2748.22	2730.55	2736.46	189178	0	0
2024.11.05	2735.83	2749.97	2724.76	2743.72	189457	0	0
2024.11.06	2743.26	2749.73	2652.41	2658.94	359832	0	0
2024.11.07	2659.17	2710.26	2643.44	2706.24	266903	0	0
2024.11.08	2705.86	2710.42	2680.34	2684.15	232815	0	0
2024.11.11	2685.59	2686.21	2610.71	2619.30	227204	0	4
2024.11.12	2618.73	2627.12	2589.69	2597.98	252939	0	0
2024.11.13	2597.75	2618.81	2572.65	2572.70	248471	0	0
2024.11.14	2574.82	2581.45	2536.85	2564.53	270394	0	0
2024.11.15	2564.95	2576.02	2554.50	2561.78	224424	0	0
2024.11.18	2563.07	2615.12	2561.50	2611.72	222250	0	0
2024.11.19	2611.77	2639.47	2610.47	2632.11	244878	0	0
2024.11.20	2631.96	2655.45	2618.82	2650.08	202481	0	0
2024.11.21	2649.94	2673.54	2648.63	2669.41	204386	0	0
2024.11.22	2669.42	2715.50	2668.16	2715.34	247227	0	0
2024.11.25	2714.29	2721.38	2615.65	2625.46	281365	0	0
2024.11.26	2625.05	2641.96	2605.28	2633.02	246632	0	0
2024.11.27	2632.76	2658.25	2627.07	2635.95	205390	0	0
2024.11.28	2637.80	2649.73	2620.95	2637.84	134125	0	0
2024.11.29	2637.56	2666.26	2634.05	2650.39	199417	0	0
2024.12.02	2652.29	2654.93	2621.94	2638.62	242572	0	0
2024.12.03	2638.76	2655.66	2634.12	2643.50	210265	0	0
2024.12.04	2643.29	2657.21	2632.46	2649.88	206856	0	0
2024.12.05	2649.60	2655.54	2623.60	2631.66	183649	0	0
2024.12.06	2631.62	2645.63	2613.42	2632.67	211837	0	0
2024.12.09	2644.77	2676.51	2627.55	2660.18	215794	0	0
2024.12.10	2660.72	2695.59	2657.96	2693.80	197037	0	0
2024.12.11	2694.07	2721.18	2675.70	2717.95	222060	0	0
2024.12.12	2717.54	2726.16	2675.16	2680.55	201878	0	0
2024.12.13	2680.96	2692.69	2646.16	2648.80	207376	0	0
2024.12.16	2652.63	2664.42	2643.53	2652.62	161459	0	0
2024.12.17	2652.74	2658.65	2633.12	2646.40	180116	0	0
2024.12.18	2646.50	2651.69	2583.62	2585.31	206898	0	0
2024.12.19	2585.44	2626.40	2582.92	2594.39	226181	0	0
2024.12.20	2594.36	2632.06	2589.62	2623.03	198509	0	0
2024.12.23	2621.51	2633.41	2608.16	2612.77	160542	0	0
2024.12.24	2613.02	2621.51	2610.18	2616.98	110986	0	3
2024.12.26	2615.88	2639.13	2614.78	2633.53	122017	0	0
2024.12.27	2636.16	2638.16	2611.68	2621.54	139611	0	0
2024.12.30	2618.93	2627.99	2596.20	2605.96	154338	0	0
2024.12.31	2604.67	2627.50	2602.64	2624.43	135165	0	0
2025.01.02	2625.14	2660.44	2621.74	2657.98	189177	0	0
2025.01.03	2658.32	2665.36	2636.70	2639.98	159578	0	0
2025.01.06	2642.74	2649.48	2614.79	2635.77	205630	0	0
2025.01.07	2636.20	2664.27	2632.91	2648.42	191351	0	0
2025.01.08	2648.38	2669.98	2645.30	2661.44	184839	0	0
2025.01.09	2660.75	2678.22	2655.56	2670.34	145744	0	0
2025.01.10	2670.44	2697.88	2664.10	2688.96	223078	0	0
2025.01.13	2690.82	2693.44	2656.76	2662.98	222018	0	0
2025.01.14	2663.54	2678.20	2659.97	2677.37	198747	0	0
2025.01.15	2675.04	2697.32	2669.27	2696.28	190801	0	0
2025.01.16	2694.56	2724.76	2689.94	2714.26	218752	0	0
2025.01.17	2714.20	2717.39	2699.30	2702.92	196152	0	0
2025.01.20	2704.56	2713.71	2689.37	2707.19	184822	0	0
2025.01.21	2707.90	2745.95	2702.90	2744.69	236808	0	0
2025.01.22	2740.77	2763.41	2740.56	2756.18	206263	0	0
2025.01.23	2756.12	2758.79	2735.98	2754.52	174026	0	0
2025.01.24	2754.20	2786.02	2753.50	2771.48	156235	0	0
2025.01.27	2770.61	2772.63	2730.59	2740.70	171668	0	0
2025.01.28	2740.35	2764.99	2734.78	2763.17	124991	0	0
2025.01.29	2763.14	2766.20	2744.73	2759.68	147620	0	0
2025.01.30	2759.32	2798.45	2758.24	2794.06	144090	0	0
2025.01.31	2796.18	2817.11	2791.08	2798.47	158390	0	0
2025.02.03	2797.69	2830.77	2772.21	2814.75	203455	0	0
2025.02.04	2814.12	2845.39	2807.36	2842.01	174744	0	0
2025.02.05	2842.81	2882.27	2839.80	2867.02	158672	0	0
2025.02.06	2866.24	2873.37	2834.28	2855.55	150629	0	0
2025.02.07	2856.05	2886.80	2852.52	2861.30	152932	0	0
2025.02.10	2858.37	2911.96	2854.81	2907.88	156913	0	0
2025.02.11	2907.87	2942.71	2881.71	2897.53	191760	0	0
2025.02.12	2898.21	2909.20	2864.22	2903.97	165151	0	0
2025.02.13	2904.05	2929.36	2900.52	2928.34	138508	0	0
2025.02.14	2927.62	2940.06	2876.98	2882.50	160862	0	0
2025.02.17	2884.74	2906.44	2878.15	2899.13	116449	0	0
2025.02.18	2898.42	2936.92	2892.01	2935.08	125057	0	0
2025.02.19	2935.50	2946.94	2918.58	2932.99	143966	0	0
2025.02.20	2933.50	2954.94	2924.21	2939.06	140720	0	0
2025.02.21	2937.70	2949.77	2916.79	2935.89	140431	0	0
2025.02.24	2934.55	2956.29	2921.34	2952.62	152416	0	0
2025.02.25	2952.35	2953.79	2888.22	2914.82	170794	0	0
2025.02.26	2915.20	2930.20	2890.84	2916.11	134799	0	0
2025.02.27	2916.73	2920.85	2867.89	2877.12	163012	0	0
2025.02.28	2877.26	2885.13	2832.70	2859.06	173554	0	0
2025.03.03	2856.12	2895.27	2855.87	2892.99	149031	0	0
2025.03.04	2892.22	2927.81	2881.96	2917.70	152509	0	0
2025.03.05	2917.87	2929.96	2894.39	2919.13	170655	0	0
2025.03.06	2919.62	2926.55	2891.02	2910.74	171093	0	0
2025.03.07	2911.22	2930.54	2896.84	2911.94	171758	0	0
2025.03.10	2911.53	2918.30	2880.31	2889.24	158880	0	0
2025.03.11	2888.78	2922.09	2880.25	2915.50	132054	0	0
2025.03.12	2915.65	2940.53	2906.17	2933.31	133297	0	0
2025.03.13	2934.39	2989.10	2932.92	2988.80	137719	0	0
2025.03.14	2989.32	3004.97	2978.52	2986.24	137531	0	0
2025.03.17	2985.02	3001.68	2982.31	3001.02	112769	0	0
2025.03.18	3000.67	3038.24	2999.41	3033.76	124771	0	0
2025.03.19	3033.79	3051.82	3022.74	3047.16	118585	0	0
2025.03.20	3047.97	3057.58	3025.77	3044.47	124562	0	0
2025.03.21	3044.29	3047.47	2999.37	3022.94	116965	0	0
2025.03.24	3016.09	3033.48	3002.48	3011.96	123889	0	0
2025.03.25	3011.72	3035.94	3007.51	3019.81	104073	0	0
2025.03.26	3019.57	3031.97	3012.26	3018.85	124518	0	0
2025.03.27	3017.01	3059.74	3017.01	3056.42	212575	0	0
2025.03.28	3055.19	3086.76	3053.91	3084.20	179190	0	0
2025.03.31	3086.99	3127.92	3076.67	3123.96	157276	0	0
2025.04.01	3123.08	3148.98	3100.93	3114.12	160474	0	0
2025.04.02	3113.71	3144.30	3105.28	3132.12	140156	0	0
2025.04.03	3140.27	3167.72	3054.24	3114.19	218448	0	0
2025.04.04	3115.15	3136.45	3015.83	3037.34	210168	0	0
2025.04.07	3007.64	3055.48	2956.56	2982.01	253735	0	0
2025.04.08	2982.76	3022.69	2974.75	2981.96	195408	0	0
2025.04.09	2983.32	3099.49	2970.05	3082.78	237905	0	0
2025.04.10	3082.85	3176.33	3071.42	3175.39	211690	0	0
2025.04.11	3175.76	3245.37	3175.73	3237.53	214251	0	0
2025.04.14	3228.56	3245.78	3193.76	3210.46	177764	0	0
2025.04.15	3211.13	3233.58	3210.03	3229.36	127998	0	0
2025.04.16	3231.17	3342.94	3229.84	3342.85	193378	0	0
2025.04.17	3343.15	3357.74	3283.73	3327.24	183886	0	0
2025.04.21	3333.47	3430.57	3326.27	3424.40	181385	0	0
2025.04.22	3424.22	3500.12	3366.88	3380.93	236133	0	0
2025.04.23	3348.87	3386.68	3260.33	3288.12	226708	0	0
2025.04.24	3288.53	3367.50	3288.47	3348.58	183812	0	0
2025.04.25	3350.45	3370.75	3265.08	3318.62	190311	0	0
2025.04.28	3324.76	3353.06	3267.99	3343.99	173448	0	0
2025.04.29	3344.73	3348.67	3299.66	3317.20	155555	0	0
2025.04.30	3313.79	3328.12	3266.98	3288.27	163789	0	0
2025.05.01	3289.25	3290.21	3202.04	3237.89	164982	0	0
2025.05.02	3238.74	3269.27	3222.51	3240.30	163125	0	0
2025.05.05	3239.46	3337.64	3237.44	3333.96	167447	0	0
2025.05.06	3336.26	3434.74	3323.49	3430.46	193672	0	0
2025.05.07	3438.27	3438.27	3360.26	3364.44	194997	0	0
2025.05.08	3366.20	3414.79	3288.75	3305.85	195314	0	0
2025.05.09	3304.71	3347.52	3274.79	3327.15	177465	0	0
